repository	ref	path
stianeklund/halo	refs/heads/main	delinked/rasterizer_xbox_lights_FUN_169fd0.obj
stianeklund/halo	refs/heads/main	delinked/telnet_console_FUN_00130f30.obj
stianeklund/halo	refs/heads/main	delinked/telnet_console_FUN_00131130.obj
stianeklund/halo	refs/heads/main	delinked/telnet_console_FUN_00131150.obj
stianeklund/halo	refs/heads/main	delinked/telnet_console_FUN_00131280.obj
stianeklund/halo	refs/heads/main	delinked/telnet_console_FUN_001313f0.obj
stianeklund/halo	refs/heads/main	delinked/telnet_console_FUN_00131700.obj
stianeklund/halo	refs/heads/main	delinked/telnet_console_FUN_00131790.obj
stianeklund/halo	refs/heads/main	tools/equivalence/_global_bytes.py
stianeklund/halo	refs/heads/main	tools/equivalence/known_globals.json
stianeklund/halo	refs/heads/main	tools/equivalence/regression_snapshots/evaluate_game_complexity.json
stianeklund/halo	refs/heads/main	tools/equivalence/regression_snapshots/player_count.json
stianeklund/halo	refs/pull/1/head	artifacts/snapshots/gamestate_full.bin
stianeklund/halo	refs/pull/1/head	artifacts/snapshots/gamestate_tables.bin
stianeklund/halo	refs/pull/1/head	artifacts/snapshots/glob_31f000.bin
stianeklund/halo	refs/pull/1/head	artifacts/snapshots/glob_5a8000.bin
stianeklund/halo	refs/pull/1/head	artifacts/snapshots/glob_5ab000.bin
stianeklund/halo	refs/pull/1/head	artifacts/snapshots/glob_632000.bin
stianeklund/halo	refs/pull/1/head	artifacts/snapshots/infection_swarm.json
stianeklund/halo	refs/pull/1/head	artifacts/snapshots/rdata_28c000.bin
stianeklund/halo	refs/pull/1/head	artifacts/snapshots/rdata_const.bin
stianeklund/halo	refs/pull/1/head	ci/snapshot.json
stianeklund/halo	refs/pull/1/head	delinked/XAPILIB/FUN_001d7817.obj
stianeklund/halo	refs/pull/1/head	delinked/XAPILIB/FUN_001d789a.obj
stianeklund/halo	refs/pull/1/head	delinked/XAPILIB/xbox_crt.obj
stianeklund/halo	refs/pull/1/head	delinked/actions.obj
stianeklund/halo	refs/pull/1/head	delinked/actor_looking_1a100.obj
stianeklund/halo	refs/pull/1/head	delinked/actor_looking_FUN_00013dd0.obj
stianeklund/halo	refs/pull/1/head	delinked/actor_looking_FUN_00013ef0.obj
stianeklund/halo	refs/pull/1/head	delinked/actor_looking_FUN_00014480.obj
stianeklund/halo	refs/pull/1/head	delinked/actor_looking_FUN_00014540.obj
stianeklund/halo	refs/pull/1/head	delinked/actor_looking_FUN_00014620.obj
stianeklund/halo	refs/pull/1/head	delinked/actor_looking_FUN_00014ba0.obj
stianeklund/halo	refs/pull/1/head	delinked/actor_looking_FUN_00014c10.obj
stianeklund/halo	refs/pull/1/head	delinked/actor_looking_FUN_00014e90.obj
stianeklund/halo	refs/pull/1/head	delinked/actor_looking_FUN_00015040.obj
stianeklund/halo	refs/pull/1/head	delinked/actor_looking_FUN_00015520.obj
stianeklund/halo	refs/pull/1/head	delinked/actor_looking_FUN_000159d0.obj
stianeklund/halo	refs/pull/1/head	delinked/actor_looking_FUN_00015cf0.obj
stianeklund/halo	refs/pull/1/head	delinked/actor_looking_FUN_00015f60.obj
stianeklund/halo	refs/pull/1/head	delinked/actor_looking_FUN_00016050.obj
stianeklund/halo	refs/pull/1/head	delinked/actor_looking_FUN_00016210.obj
stianeklund/halo	refs/pull/1/head	delinked/actor_looking_FUN_00016590.obj
stianeklund/halo	refs/pull/1/head	delinked/actor_looking_FUN_000169a0.obj
stianeklund/halo	refs/pull/1/head	delinked/actor_looking_FUN_00016bd0.obj
stianeklund/halo	refs/pull/1/head	delinked/actor_looking_FUN_00016cf0.obj
stianeklund/halo	refs/pull/1/head	delinked/actor_looking_FUN_00016d40.obj
stianeklund/halo	refs/pull/1/head	delinked/actor_looking_FUN_00017960.obj
stianeklund/halo	refs/pull/1/head	delinked/actor_looking_FUN_00019110.obj
stianeklund/halo	refs/pull/1/head	delinked/actor_looking_FUN_000192b0.obj
stianeklund/halo	refs/pull/1/head	delinked/actor_looking_FUN_000197d0.obj
stianeklund/halo	refs/pull/1/head	delinked/actor_looking_FUN_00019940.obj
stianeklund/halo	refs/pull/1/head	delinked/actor_looking_FUN_00019b20.obj
stianeklund/halo	refs/pull/1/head	delinked/actor_looking_FUN_00019c70.obj
stianeklund/halo	refs/pull/1/head	delinked/actor_looking_FUN_0001a420.obj
stianeklund/halo	refs/pull/1/head	delinked/actor_looking_FUN_0001a600.obj
stianeklund/halo	refs/pull/1/head	delinked/actor_looking_FUN_0001a670.obj
stianeklund/halo	refs/pull/1/head	delinked/actor_looking_FUN_0001a7e0.obj
stianeklund/halo	refs/pull/1/head	delinked/actor_looking_FUN_0001ac00_wide.obj
stianeklund/halo	refs/pull/1/head	delinked/actor_looking_FUN_00024ca0.obj
stianeklund/halo	refs/pull/1/head	delinked/actor_looking_FUN_00025a00.obj
stianeklund/halo	refs/pull/1/head	delinked/actor_looking_FUN_000272d0.obj
stianeklund/halo	refs/pull/1/head	delinked/actor_looking_FUN_000278e0.obj
stianeklund/halo	refs/pull/1/head	delinked/actor_looking_FUN_00027a10.obj
stianeklund/halo	refs/pull/1/head	delinked/actor_looking_FUN_00027a60.obj
stianeklund/halo	refs/pull/1/head	delinked/actor_looking_FUN_00029040.obj
stianeklund/halo	refs/pull/1/head	delinked/actor_looking_FUN_0002a2b0.obj
stianeklund/halo	refs/pull/1/head	delinked/actor_looking_math.obj
stianeklund/halo	refs/pull/1/head	delinked/actor_moving_FUN_0002d900.obj
stianeklund/halo	refs/pull/1/head	delinked/actors.obj
stianeklund/halo	refs/pull/1/head	delinked/actors_FUN_00036e50.obj
stianeklund/halo	refs/pull/1/head	delinked/actors_FUN_000377d0.obj
stianeklund/halo	refs/pull/1/head	delinked/actors_FUN_00038200.obj
stianeklund/halo	refs/pull/1/head	delinked/actors_FUN_00038b10.obj
stianeklund/halo	refs/pull/1/head	delinked/actors_FUN_0003b150.obj
stianeklund/halo	refs/pull/1/head	delinked/bitmap_utilities_FUN_00075380.obj
stianeklund/halo	refs/pull/1/head	delinked/circular_queue.obj
stianeklund/halo	refs/pull/1/head	delinked/circular_queue_FUN_00118fb0.obj
stianeklund/halo	refs/pull/1/head	delinked/collision_usage_FUN_0014c6d0.obj
stianeklund/halo	refs/pull/1/head	delinked/collision_usage_FUN_0014c7b0.obj
stianeklund/halo	refs/pull/1/head	delinked/collision_usage_FUN_0014c8e0.obj
stianeklund/halo	refs/pull/1/head	delinked/collision_usage_FUN_0014c950.obj
stianeklund/halo	refs/pull/1/head	delinked/collision_usage_FUN_0014ca30.obj
stianeklund/halo	refs/pull/1/head	delinked/collision_usage_FUN_0014cb00.obj
stianeklund/halo	refs/pull/1/head	delinked/collision_usage_FUN_0014cc80.obj
stianeklund/halo	refs/pull/1/head	delinked/collision_usage_FUN_0014cde0.obj
stianeklund/halo	refs/pull/1/head	delinked/collision_usage_FUN_0014cf20.obj
stianeklund/halo	refs/pull/1/head	delinked/collision_usage_FUN_0014cfe0.obj
stianeklund/halo	refs/pull/1/head	delinked/collision_usage_FUN_0014dab0.obj
stianeklund/halo	refs/pull/1/head	delinked/collision_usage_FUN_0014db10.obj
stianeklund/halo	refs/pull/1/head	delinked/collision_usage_FUN_14da20.obj
stianeklund/halo	refs/pull/1/head	delinked/collision_usage_FUN_14da80.obj
stianeklund/halo	refs/pull/1/head	delinked/contrails_97980.obj
stianeklund/halo	refs/pull/1/head	delinked/contrails_97ae0.obj
stianeklund/halo	refs/pull/1/head	delinked/contrails_98200.obj
stianeklund/halo	refs/pull/1/head	delinked/contrails_98580_98730.obj
stianeklund/halo	refs/pull/1/head	delinked/contrails_98580_tight.obj
stianeklund/halo	refs/pull/1/head	delinked/data_FUN_1194a0.obj
stianeklund/halo	refs/pull/1/head	delinked/data_encoding_FUN_119df0.obj
stianeklund/halo	refs/pull/1/head	delinked/data_encoding_FUN_119ff0.obj
stianeklund/halo	refs/pull/1/head	delinked/effects_9c910_tight.obj
stianeklund/halo	refs/pull/1/head	delinked/effects_9c9a0.obj
stianeklund/halo	refs/pull/1/head	delinked/effects_9ce80.obj
stianeklund/halo	refs/pull/1/head	delinked/effects_9ce90.obj
stianeklund/halo	refs/pull/1/head	delinked/effects_9ceb0.obj
stianeklund/halo	refs/pull/1/head	delinked/effects_9cf40.obj
stianeklund/halo	refs/pull/1/head	delinked/effects_9f3b0.obj
stianeklund/halo	refs/pull/1/head	delinked/effects_FUN_0009ce80.obj
stianeklund/halo	refs/pull/1/head	delinked/errors.obj
stianeklund/halo	refs/pull/1/head	delinked/errors.obj_FUN_8e650.obj
stianeklund/halo	refs/pull/1/head	delinked/game_allegiance_a8110_a8192.obj
stianeklund/halo	refs/pull/1/head	delinked/game_engine_game_engine_player_killed.obj
stianeklund/halo	refs/pull/1/head	delinked/hud_d0340_d0440.obj
stianeklund/halo	refs/pull/1/head	delinked/hud_d1550_d1578.obj
stianeklund/halo	refs/pull/1/head	delinked/hud_d1690_d1700.obj
stianeklund/halo	refs/pull/1/head	delinked/hud_d1c50_d1c88.obj
stianeklund/halo	refs/pull/1/head	delinked/hud_d1dd0_d1f00.obj
stianeklund/halo	refs/pull/1/head	delinked/hud_d1e90.obj
stianeklund/halo	refs/pull/1/head	delinked/hud_messaging.obj
stianeklund/halo	refs/pull/1/head	delinked/hud_messaging_FUN_0d4680.obj
stianeklund/halo	refs/pull/1/head	delinked/hud_messaging_FUN_0d46d0.obj
stianeklund/halo	refs/pull/1/head	delinked/hud_messaging_FUN_0d5160.obj
stianeklund/halo	refs/pull/1/head	delinked/hud_messaging_FUN_0d5180.obj
stianeklund/halo	refs/pull/1/head	delinked/input_xbox_FUN_0cf3e0.obj
stianeklund/halo	refs/pull/1/head	delinked/input_xbox_FUN_0cf690.obj
stianeklund/halo	refs/pull/1/head	delinked/memory_pool.obj
stianeklund/halo	refs/pull/1/head	delinked/network_server_manager_12bf70_12d100.obj
stianeklund/halo	refs/pull/1/head	delinked/objects_FUN_00084a10.obj
stianeklund/halo	refs/pull/1/head	delinked/objects_FUN_00084fe0.obj
stianeklund/halo	refs/pull/1/head	delinked/objects_FUN_00085000.obj
stianeklund/halo	refs/pull/1/head	delinked/objects_FUN_000850d0.obj
stianeklund/halo	refs/pull/1/head	delinked/objects_FUN_00085110.obj
stianeklund/halo	refs/pull/1/head	delinked/objects_FUN_00085180.obj
stianeklund/halo	refs/pull/1/head	delinked/objects_FUN_00134be0.obj
stianeklund/halo	refs/pull/1/head	delinked/objects_FUN_00134c20.obj
stianeklund/halo	refs/pull/1/head	delinked/objects_FUN_001353b0.obj
stianeklund/halo	refs/pull/1/head	delinked/objects_FUN_001353f0.obj
stianeklund/halo	refs/pull/1/head	delinked/objects_FUN_00135f90.obj
stianeklund/halo	refs/pull/1/head	delinked/objects_FUN_00136040.obj
stianeklund/halo	refs/pull/1/head	delinked/objects_FUN_001360a0.obj
stianeklund/halo	refs/pull/1/head	delinked/objects_FUN_00136100.obj
stianeklund/halo	refs/pull/1/head	delinked/objects_FUN_00136150.obj
stianeklund/halo	refs/pull/1/head	delinked/objects_FUN_001398b0.obj
stianeklund/halo	refs/pull/1/head	delinked/objects_FUN_001398d0.obj
stianeklund/halo	refs/pull/1/head	delinked/objects_FUN_0013c100.obj
stianeklund/halo	refs/pull/1/head	delinked/objects_FUN_0013c3a0.obj
stianeklund/halo	refs/pull/1/head	delinked/objects_FUN_0013c3d0.obj
stianeklund/halo	refs/pull/1/head	delinked/objects_FUN_0013c400.obj
stianeklund/halo	refs/pull/1/head	delinked/objects_FUN_0013c430.obj
stianeklund/halo	refs/pull/1/head	delinked/objects_FUN_0013c500.obj
stianeklund/halo	refs/pull/1/head	delinked/objects_FUN_0013c560.obj
stianeklund/halo	refs/pull/1/head	delinked/objects_FUN_0013c620.obj
stianeklund/halo	refs/pull/1/head	delinked/objects_FUN_0013c680.obj
stianeklund/halo	refs/pull/1/head	delinked/objects_FUN_0013c7a0.obj
stianeklund/halo	refs/pull/1/head	delinked/objects_FUN_0013c8c0.obj
stianeklund/halo	refs/pull/1/head	delinked/objects_FUN_0013c920.obj
stianeklund/halo	refs/pull/1/head	delinked/objects_FUN_0013c980.obj
stianeklund/halo	refs/pull/1/head	delinked/objects_FUN_0013ca30.obj
stianeklund/halo	refs/pull/1/head	delinked/objects_FUN_0013cab0.obj
stianeklund/halo	refs/pull/1/head	delinked/objects_FUN_0013d870.obj
stianeklund/halo	refs/pull/1/head	delinked/objects_FUN_0013d880.obj
stianeklund/halo	refs/pull/1/head	delinked/objects_FUN_0013dbe0.obj
stianeklund/halo	refs/pull/1/head	delinked/objects_FUN_0013dcb0.obj
stianeklund/halo	refs/pull/1/head	delinked/objects_FUN_0013f080.obj
stianeklund/halo	refs/pull/1/head	delinked/objects_FUN_0013fe70.obj
stianeklund/halo	refs/pull/1/head	delinked/objects_FUN_00144b50.obj
stianeklund/halo	refs/pull/1/head	delinked/objects_FUN_1407e0.obj
stianeklund/halo	refs/pull/1/head	delinked/objects_cluster_get_first_noncollideable_object.obj
stianeklund/halo	refs/pull/1/head	delinked/objects_cluster_get_next_noncollideable_object.obj
stianeklund/halo	refs/pull/1/head	delinked/objects_garbage_collect_now.obj
stianeklund/halo	refs/pull/1/head	delinked/objects_object_beautify.obj
stianeklund/halo	refs/pull/1/head	delinked/objects_object_definition_predict.obj
stianeklund/halo	refs/pull/1/head	delinked/objects_object_pvs_activate.obj
stianeklund/halo	refs/pull/1/head	delinked/objects_object_scripting_set_collideable.obj
stianeklund/halo	refs/pull/1/head	delinked/objects_objects_scripting_detach.obj
stianeklund/halo	refs/pull/1/head	delinked/objects_objects_scripting_set_scale.obj
stianeklund/halo	refs/pull/1/head	delinked/objects_sort_dumps.obj
stianeklund/halo	refs/pull/1/head	delinked/player_queues_b8f00_b9040.obj
stianeklund/halo	refs/pull/1/head	delinked/player_queues_b97b0_b9880.obj
stianeklund/halo	refs/pull/1/head	delinked/player_queues_b97b0_b9900.obj
stianeklund/halo	refs/pull/1/head	delinked/predicted_resources_1bdd40.obj
stianeklund/halo	refs/pull/1/head	delinked/predicted_resources_1bdd40_1bdf00.obj
stianeklund/halo	refs/pull/1/head	delinked/predicted_resources_1bdd50.obj
stianeklund/halo	refs/pull/1/head	delinked/predicted_resources_1bdd60.obj
stianeklund/halo	refs/pull/1/head	delinked/predicted_resources_1bdd70.obj
stianeklund/halo	refs/pull/1/head	delinked/random_math_10b3c0.obj
stianeklund/halo	refs/pull/1/head	delinked/random_math_FUN_10a930.obj
stianeklund/halo	refs/pull/1/head	delinked/random_math_FUN_10ad10.obj
stianeklund/halo	refs/pull/1/head	delinked/random_math_FUN_10add0.obj
stianeklund/halo	refs/pull/1/head	delinked/random_math_FUN_10ae00.obj
stianeklund/halo	refs/pull/1/head	delinked/random_math_FUN_10ae30.obj
stianeklund/halo	refs/pull/1/head	delinked/random_math_FUN_10ae80.obj
stianeklund/halo	refs/pull/1/head	delinked/random_math_FUN_10af70.obj
stianeklund/halo	refs/pull/1/head	delinked/random_math_FUN_10b110.obj
stianeklund/halo	refs/pull/1/head	delinked/random_math_FUN_10b160.obj
stianeklund/halo	refs/pull/1/head	delinked/random_math_FUN_10b3c0.obj
stianeklund/halo	refs/pull/1/head	delinked/random_math_FUN_10b9c0.obj
stianeklund/halo	refs/pull/1/head	delinked/random_math_FUN_10ba90.obj
stianeklund/halo	refs/pull/1/head	delinked/random_math_FUN_10c290.obj
stianeklund/halo	refs/pull/1/head	delinked/random_math_FUN_10c2e0.obj
stianeklund/halo	refs/pull/1/head	delinked/random_math_FUN_10c340.obj
stianeklund/halo	refs/pull/1/head	delinked/random_math_FUN_10c780.obj
stianeklund/halo	refs/pull/1/head	delinked/random_math_FUN_10c7d0.obj
stianeklund/halo	refs/pull/1/head	delinked/random_math_FUN_10c920.obj
stianeklund/halo	refs/pull/1/head	delinked/real_math_FUN_0010a1c0.obj
stianeklund/halo	refs/pull/1/head	delinked/real_math_vectors3d_from_euler_angles3d.obj
stianeklund/halo	refs/pull/1/head	delinked/sound_classes_FUN_001c8a40.obj
stianeklund/halo	refs/pull/1/head	delinked/sound_classes_FUN_001c8a90.obj
stianeklund/halo	refs/pull/1/head	delinked/sound_classes_FUN_001c8ae0.obj
stianeklund/halo	refs/pull/1/head	delinked/units_FUN_001a67b0.obj
stianeklund/halo	refs/pull/1/head	delinked/units_FUN_001a6820.obj
stianeklund/halo	refs/pull/1/head	delinked/units_FUN_001a6870.obj
stianeklund/halo	refs/pull/1/head	delinked/units_FUN_001a6bc0.obj
stianeklund/halo	refs/pull/1/head	delinked/units_FUN_001a6ca0.obj
stianeklund/halo	refs/pull/1/head	delinked/units_FUN_001a6cd0.obj
stianeklund/halo	refs/pull/1/head	delinked/weapons_FUN_000fae30.obj
stianeklund/halo	refs/pull/1/head	delinked/weapons_FUN_000fae80.obj
stianeklund/halo	refs/pull/1/head	delinked/weapons_FUN_000faeb0.obj
stianeklund/halo	refs/pull/1/head	delinked/weapons_FUN_000faed0.obj
stianeklund/halo	refs/pull/1/head	delinked/weapons_FUN_000fb090.obj
stianeklund/halo	refs/pull/1/head	delinked/weapons_FUN_000fb0c0.obj
stianeklund/halo	refs/pull/1/head	delinked/weapons_FUN_000fb0f0.obj
stianeklund/halo	refs/pull/1/head	delinked/weapons_FUN_000fb140.obj
stianeklund/halo	refs/pull/1/head	delinked/weapons_FUN_000fb2f0.obj
stianeklund/halo	refs/pull/1/head	delinked/weapons_FUN_000fbbd0.obj
stianeklund/halo	refs/pull/1/head	delinked/weapons_FUN_000fcaf0.obj
stianeklund/halo	refs/pull/1/head	delinked/weapons_FUN_000fcf20.obj
stianeklund/halo	refs/pull/1/head	delinked/weapons_FUN_000fd180.obj
stianeklund/halo	refs/pull/1/head	tests/golden/periodic_tables/periodic_00_one.bin
stianeklund/halo	refs/pull/1/head	tests/golden/periodic_tables/periodic_01_zero.bin
stianeklund/halo	refs/pull/1/head	tests/golden/periodic_tables/periodic_02_cosine.bin
stianeklund/halo	refs/pull/1/head	tests/golden/periodic_tables/periodic_03_cosine_var.bin
stianeklund/halo	refs/pull/1/head	tests/golden/periodic_tables/periodic_04_triangle.bin
stianeklund/halo	refs/pull/1/head	tests/golden/periodic_tables/periodic_05_triangle_var.bin
stianeklund/halo	refs/pull/1/head	tests/golden/periodic_tables/periodic_06_slide.bin
stianeklund/halo	refs/pull/1/head	tests/golden/periodic_tables/periodic_07_slide_var.bin
stianeklund/halo	refs/pull/1/head	tests/golden/periodic_tables/periodic_08_gaussian.bin
stianeklund/halo	refs/pull/1/head	tests/golden/periodic_tables/periodic_09_stutter_4harm_a.bin
stianeklund/halo	refs/pull/1/head	tests/golden/periodic_tables/periodic_10_stutter_4harm_b.bin
stianeklund/halo	refs/pull/1/head	tests/golden/periodic_tables/periodic_11_square.bin
stianeklund/halo	refs/pull/1/head	tests/golden/periodic_tables/transition_00_raw.bin
stianeklund/halo	refs/pull/1/head	tests/golden/periodic_tables/transition_01_pow_a.bin
stianeklund/halo	refs/pull/1/head	tests/golden/periodic_tables/transition_02_pow_b.bin
stianeklund/halo	refs/pull/1/head	tests/golden/periodic_tables/transition_03_pow_c.bin
stianeklund/halo	refs/pull/1/head	tests/golden/periodic_tables/transition_04_pow_d.bin
stianeklund/halo	refs/pull/1/head	tests/golden/periodic_tables/transition_05_sine_wave.bin
stianeklund/halo	refs/pull/1/head	tools/equivalence/_global_bytes.py
stianeklund/halo	refs/pull/1/head	tools/equivalence/known_globals.json
stianeklund/halo	refs/pull/1/head	tools/equivalence/regression_snapshots/evaluate_game_complexity.json
stianeklund/halo	refs/pull/1/head	tools/equivalence/regression_snapshots/player_count.json
stianeklund/halo	refs/pull/10/head	delinked/rasterizer_xbox_lights_FUN_169fd0.obj
stianeklund/halo	refs/pull/10/head	delinked/telnet_console_FUN_00130f30.obj
stianeklund/halo	refs/pull/10/head	delinked/telnet_console_FUN_00131130.obj
stianeklund/halo	refs/pull/10/head	delinked/telnet_console_FUN_00131150.obj
stianeklund/halo	refs/pull/10/head	delinked/telnet_console_FUN_00131280.obj
stianeklund/halo	refs/pull/10/head	delinked/telnet_console_FUN_001313f0.obj
stianeklund/halo	refs/pull/10/head	delinked/telnet_console_FUN_00131700.obj
stianeklund/halo	refs/pull/10/head	delinked/telnet_console_FUN_00131790.obj
stianeklund/halo	refs/pull/10/head	tools/equivalence/_global_bytes.py
stianeklund/halo	refs/pull/10/head	tools/equivalence/known_globals.json
stianeklund/halo	refs/pull/10/head	tools/equivalence/regression_snapshots/evaluate_game_complexity.json
stianeklund/halo	refs/pull/10/head	tools/equivalence/regression_snapshots/player_count.json
stianeklund/halo	refs/pull/11/head	delinked/rasterizer_xbox_lights_FUN_169fd0.obj
stianeklund/halo	refs/pull/11/head	delinked/telnet_console_FUN_00130f30.obj
stianeklund/halo	refs/pull/11/head	delinked/telnet_console_FUN_00131130.obj
stianeklund/halo	refs/pull/11/head	delinked/telnet_console_FUN_00131150.obj
stianeklund/halo	refs/pull/11/head	delinked/telnet_console_FUN_00131280.obj
stianeklund/halo	refs/pull/11/head	delinked/telnet_console_FUN_001313f0.obj
stianeklund/halo	refs/pull/11/head	delinked/telnet_console_FUN_00131700.obj
stianeklund/halo	refs/pull/11/head	delinked/telnet_console_FUN_00131790.obj
stianeklund/halo	refs/pull/11/head	tools/equivalence/_global_bytes.py
stianeklund/halo	refs/pull/11/head	tools/equivalence/known_globals.json
stianeklund/halo	refs/pull/11/head	tools/equivalence/regression_snapshots/evaluate_game_complexity.json
stianeklund/halo	refs/pull/11/head	tools/equivalence/regression_snapshots/player_count.json
stianeklund/halo	refs/pull/12/head	delinked/rasterizer_xbox_lights_FUN_169fd0.obj
stianeklund/halo	refs/pull/12/head	delinked/telnet_console_FUN_00130f30.obj
stianeklund/halo	refs/pull/12/head	delinked/telnet_console_FUN_00131130.obj
stianeklund/halo	refs/pull/12/head	delinked/telnet_console_FUN_00131150.obj
stianeklund/halo	refs/pull/12/head	delinked/telnet_console_FUN_00131280.obj
stianeklund/halo	refs/pull/12/head	delinked/telnet_console_FUN_001313f0.obj
stianeklund/halo	refs/pull/12/head	delinked/telnet_console_FUN_00131700.obj
stianeklund/halo	refs/pull/12/head	delinked/telnet_console_FUN_00131790.obj
stianeklund/halo	refs/pull/12/head	tools/equivalence/_global_bytes.py
stianeklund/halo	refs/pull/12/head	tools/equivalence/known_globals.json
stianeklund/halo	refs/pull/12/head	tools/equivalence/regression_snapshots/evaluate_game_complexity.json
stianeklund/halo	refs/pull/12/head	tools/equivalence/regression_snapshots/player_count.json
stianeklund/halo	refs/pull/13/head	delinked/rasterizer_xbox_lights_FUN_169fd0.obj
stianeklund/halo	refs/pull/13/head	delinked/telnet_console_FUN_00130f30.obj
stianeklund/halo	refs/pull/13/head	delinked/telnet_console_FUN_00131130.obj
stianeklund/halo	refs/pull/13/head	delinked/telnet_console_FUN_00131150.obj
stianeklund/halo	refs/pull/13/head	delinked/telnet_console_FUN_00131280.obj
stianeklund/halo	refs/pull/13/head	delinked/telnet_console_FUN_001313f0.obj
stianeklund/halo	refs/pull/13/head	delinked/telnet_console_FUN_00131700.obj
stianeklund/halo	refs/pull/13/head	delinked/telnet_console_FUN_00131790.obj
stianeklund/halo	refs/pull/13/head	tools/equivalence/_global_bytes.py
stianeklund/halo	refs/pull/13/head	tools/equivalence/known_globals.json
stianeklund/halo	refs/pull/13/head	tools/equivalence/regression_snapshots/evaluate_game_complexity.json
stianeklund/halo	refs/pull/13/head	tools/equivalence/regression_snapshots/player_count.json
stianeklund/halo	refs/pull/14/head	delinked/rasterizer_xbox_lights_FUN_169fd0.obj
stianeklund/halo	refs/pull/14/head	delinked/telnet_console_FUN_00130f30.obj
stianeklund/halo	refs/pull/14/head	delinked/telnet_console_FUN_00131130.obj
stianeklund/halo	refs/pull/14/head	delinked/telnet_console_FUN_00131150.obj
stianeklund/halo	refs/pull/14/head	delinked/telnet_console_FUN_00131280.obj
stianeklund/halo	refs/pull/14/head	delinked/telnet_console_FUN_001313f0.obj
stianeklund/halo	refs/pull/14/head	delinked/telnet_console_FUN_00131700.obj
stianeklund/halo	refs/pull/14/head	delinked/telnet_console_FUN_00131790.obj
stianeklund/halo	refs/pull/14/head	tools/equivalence/_global_bytes.py
stianeklund/halo	refs/pull/14/head	tools/equivalence/known_globals.json
stianeklund/halo	refs/pull/14/head	tools/equivalence/regression_snapshots/evaluate_game_complexity.json
stianeklund/halo	refs/pull/14/head	tools/equivalence/regression_snapshots/player_count.json
stianeklund/halo	refs/pull/15/head	delinked/rasterizer_xbox_lights_FUN_169fd0.obj
stianeklund/halo	refs/pull/15/head	delinked/telnet_console_FUN_00130f30.obj
stianeklund/halo	refs/pull/15/head	delinked/telnet_console_FUN_00131130.obj
stianeklund/halo	refs/pull/15/head	delinked/telnet_console_FUN_00131150.obj
stianeklund/halo	refs/pull/15/head	delinked/telnet_console_FUN_00131280.obj
stianeklund/halo	refs/pull/15/head	delinked/telnet_console_FUN_001313f0.obj
stianeklund/halo	refs/pull/15/head	delinked/telnet_console_FUN_00131700.obj
stianeklund/halo	refs/pull/15/head	delinked/telnet_console_FUN_00131790.obj
stianeklund/halo	refs/pull/15/head	tools/equivalence/_global_bytes.py
stianeklund/halo	refs/pull/15/head	tools/equivalence/known_globals.json
stianeklund/halo	refs/pull/15/head	tools/equivalence/regression_snapshots/evaluate_game_complexity.json
stianeklund/halo	refs/pull/15/head	tools/equivalence/regression_snapshots/player_count.json
stianeklund/halo	refs/pull/16/head	delinked/rasterizer_xbox_lights_FUN_169fd0.obj
stianeklund/halo	refs/pull/16/head	delinked/telnet_console_FUN_00130f30.obj
stianeklund/halo	refs/pull/16/head	delinked/telnet_console_FUN_00131130.obj
stianeklund/halo	refs/pull/16/head	delinked/telnet_console_FUN_00131150.obj
stianeklund/halo	refs/pull/16/head	delinked/telnet_console_FUN_00131280.obj
stianeklund/halo	refs/pull/16/head	delinked/telnet_console_FUN_001313f0.obj
stianeklund/halo	refs/pull/16/head	delinked/telnet_console_FUN_00131700.obj
stianeklund/halo	refs/pull/16/head	delinked/telnet_console_FUN_00131790.obj
stianeklund/halo	refs/pull/16/head	tools/equivalence/_global_bytes.py
stianeklund/halo	refs/pull/16/head	tools/equivalence/known_globals.json
stianeklund/halo	refs/pull/16/head	tools/equivalence/regression_snapshots/evaluate_game_complexity.json
stianeklund/halo	refs/pull/16/head	tools/equivalence/regression_snapshots/player_count.json
stianeklund/halo	refs/pull/17/head	delinked/rasterizer_xbox_lights_FUN_169fd0.obj
stianeklund/halo	refs/pull/17/head	delinked/telnet_console_FUN_00130f30.obj
stianeklund/halo	refs/pull/17/head	delinked/telnet_console_FUN_00131130.obj
stianeklund/halo	refs/pull/17/head	delinked/telnet_console_FUN_00131150.obj
stianeklund/halo	refs/pull/17/head	delinked/telnet_console_FUN_00131280.obj
stianeklund/halo	refs/pull/17/head	delinked/telnet_console_FUN_001313f0.obj
stianeklund/halo	refs/pull/17/head	delinked/telnet_console_FUN_00131700.obj
stianeklund/halo	refs/pull/17/head	delinked/telnet_console_FUN_00131790.obj
stianeklund/halo	refs/pull/17/head	tools/equivalence/_global_bytes.py
stianeklund/halo	refs/pull/17/head	tools/equivalence/known_globals.json
stianeklund/halo	refs/pull/17/head	tools/equivalence/regression_snapshots/evaluate_game_complexity.json
stianeklund/halo	refs/pull/17/head	tools/equivalence/regression_snapshots/player_count.json
stianeklund/halo	refs/pull/18/head	delinked/rasterizer_xbox_lights_FUN_169fd0.obj
stianeklund/halo	refs/pull/18/head	delinked/telnet_console_FUN_00130f30.obj
stianeklund/halo	refs/pull/18/head	delinked/telnet_console_FUN_00131130.obj
stianeklund/halo	refs/pull/18/head	delinked/telnet_console_FUN_00131150.obj
stianeklund/halo	refs/pull/18/head	delinked/telnet_console_FUN_00131280.obj
stianeklund/halo	refs/pull/18/head	delinked/telnet_console_FUN_001313f0.obj
stianeklund/halo	refs/pull/18/head	delinked/telnet_console_FUN_00131700.obj
stianeklund/halo	refs/pull/18/head	delinked/telnet_console_FUN_00131790.obj
stianeklund/halo	refs/pull/18/head	tools/equivalence/_global_bytes.py
stianeklund/halo	refs/pull/18/head	tools/equivalence/known_globals.json
stianeklund/halo	refs/pull/18/head	tools/equivalence/regression_snapshots/evaluate_game_complexity.json
stianeklund/halo	refs/pull/18/head	tools/equivalence/regression_snapshots/player_count.json
stianeklund/halo	refs/pull/19/head	delinked/rasterizer_xbox_lights_FUN_169fd0.obj
stianeklund/halo	refs/pull/19/head	delinked/telnet_console_FUN_00130f30.obj
stianeklund/halo	refs/pull/19/head	delinked/telnet_console_FUN_00131130.obj
stianeklund/halo	refs/pull/19/head	delinked/telnet_console_FUN_00131150.obj
stianeklund/halo	refs/pull/19/head	delinked/telnet_console_FUN_00131280.obj
stianeklund/halo	refs/pull/19/head	delinked/telnet_console_FUN_001313f0.obj
stianeklund/halo	refs/pull/19/head	delinked/telnet_console_FUN_00131700.obj
stianeklund/halo	refs/pull/19/head	delinked/telnet_console_FUN_00131790.obj
stianeklund/halo	refs/pull/19/head	tools/equivalence/_global_bytes.py
stianeklund/halo	refs/pull/19/head	tools/equivalence/known_globals.json
stianeklund/halo	refs/pull/19/head	tools/equivalence/regression_snapshots/evaluate_game_complexity.json
stianeklund/halo	refs/pull/19/head	tools/equivalence/regression_snapshots/player_count.json
stianeklund/halo	refs/pull/2/head	delinked/rasterizer_xbox_lights_FUN_169fd0.obj
stianeklund/halo	refs/pull/2/head	delinked/telnet_console_FUN_00130f30.obj
stianeklund/halo	refs/pull/2/head	delinked/telnet_console_FUN_00131130.obj
stianeklund/halo	refs/pull/2/head	delinked/telnet_console_FUN_00131150.obj
stianeklund/halo	refs/pull/2/head	delinked/telnet_console_FUN_00131280.obj
stianeklund/halo	refs/pull/2/head	delinked/telnet_console_FUN_001313f0.obj
stianeklund/halo	refs/pull/2/head	delinked/telnet_console_FUN_00131700.obj
stianeklund/halo	refs/pull/2/head	delinked/telnet_console_FUN_00131790.obj
stianeklund/halo	refs/pull/2/head	tools/equivalence/_global_bytes.py
stianeklund/halo	refs/pull/2/head	tools/equivalence/known_globals.json
stianeklund/halo	refs/pull/2/head	tools/equivalence/regression_snapshots/evaluate_game_complexity.json
stianeklund/halo	refs/pull/2/head	tools/equivalence/regression_snapshots/player_count.json
stianeklund/halo	refs/pull/20/head	delinked/rasterizer_xbox_lights_FUN_169fd0.obj
stianeklund/halo	refs/pull/20/head	delinked/telnet_console_FUN_00130f30.obj
stianeklund/halo	refs/pull/20/head	delinked/telnet_console_FUN_00131130.obj
stianeklund/halo	refs/pull/20/head	delinked/telnet_console_FUN_00131150.obj
stianeklund/halo	refs/pull/20/head	delinked/telnet_console_FUN_00131280.obj
stianeklund/halo	refs/pull/20/head	delinked/telnet_console_FUN_001313f0.obj
stianeklund/halo	refs/pull/20/head	delinked/telnet_console_FUN_00131700.obj
stianeklund/halo	refs/pull/20/head	delinked/telnet_console_FUN_00131790.obj
stianeklund/halo	refs/pull/20/head	tools/equivalence/_global_bytes.py
stianeklund/halo	refs/pull/20/head	tools/equivalence/known_globals.json
stianeklund/halo	refs/pull/20/head	tools/equivalence/regression_snapshots/evaluate_game_complexity.json
stianeklund/halo	refs/pull/20/head	tools/equivalence/regression_snapshots/player_count.json
stianeklund/halo	refs/pull/21/head	delinked/rasterizer_xbox_lights_FUN_169fd0.obj
stianeklund/halo	refs/pull/21/head	delinked/telnet_console_FUN_00130f30.obj
stianeklund/halo	refs/pull/21/head	delinked/telnet_console_FUN_00131130.obj
stianeklund/halo	refs/pull/21/head	delinked/telnet_console_FUN_00131150.obj
stianeklund/halo	refs/pull/21/head	delinked/telnet_console_FUN_00131280.obj
stianeklund/halo	refs/pull/21/head	delinked/telnet_console_FUN_001313f0.obj
stianeklund/halo	refs/pull/21/head	delinked/telnet_console_FUN_00131700.obj
stianeklund/halo	refs/pull/21/head	delinked/telnet_console_FUN_00131790.obj
stianeklund/halo	refs/pull/21/head	tools/equivalence/_global_bytes.py
stianeklund/halo	refs/pull/21/head	tools/equivalence/known_globals.json
stianeklund/halo	refs/pull/21/head	tools/equivalence/regression_snapshots/evaluate_game_complexity.json
stianeklund/halo	refs/pull/21/head	tools/equivalence/regression_snapshots/player_count.json
stianeklund/halo	refs/pull/22/head	delinked/rasterizer_xbox_lights_FUN_169fd0.obj
stianeklund/halo	refs/pull/22/head	delinked/telnet_console_FUN_00130f30.obj
stianeklund/halo	refs/pull/22/head	delinked/telnet_console_FUN_00131130.obj
stianeklund/halo	refs/pull/22/head	delinked/telnet_console_FUN_00131150.obj
stianeklund/halo	refs/pull/22/head	delinked/telnet_console_FUN_00131280.obj
stianeklund/halo	refs/pull/22/head	delinked/telnet_console_FUN_001313f0.obj
stianeklund/halo	refs/pull/22/head	delinked/telnet_console_FUN_00131700.obj
stianeklund/halo	refs/pull/22/head	delinked/telnet_console_FUN_00131790.obj
stianeklund/halo	refs/pull/22/head	tools/equivalence/_global_bytes.py
stianeklund/halo	refs/pull/22/head	tools/equivalence/known_globals.json
stianeklund/halo	refs/pull/22/head	tools/equivalence/regression_snapshots/evaluate_game_complexity.json
stianeklund/halo	refs/pull/22/head	tools/equivalence/regression_snapshots/player_count.json
stianeklund/halo	refs/pull/23/head	delinked/rasterizer_xbox_lights_FUN_169fd0.obj
stianeklund/halo	refs/pull/23/head	delinked/telnet_console_FUN_00130f30.obj
stianeklund/halo	refs/pull/23/head	delinked/telnet_console_FUN_00131130.obj
stianeklund/halo	refs/pull/23/head	delinked/telnet_console_FUN_00131150.obj
stianeklund/halo	refs/pull/23/head	delinked/telnet_console_FUN_00131280.obj
stianeklund/halo	refs/pull/23/head	delinked/telnet_console_FUN_001313f0.obj
stianeklund/halo	refs/pull/23/head	delinked/telnet_console_FUN_00131700.obj
stianeklund/halo	refs/pull/23/head	delinked/telnet_console_FUN_00131790.obj
stianeklund/halo	refs/pull/23/head	tools/equivalence/_global_bytes.py
stianeklund/halo	refs/pull/23/head	tools/equivalence/known_globals.json
stianeklund/halo	refs/pull/23/head	tools/equivalence/regression_snapshots/evaluate_game_complexity.json
stianeklund/halo	refs/pull/23/head	tools/equivalence/regression_snapshots/player_count.json
stianeklund/halo	refs/pull/24/head	delinked/rasterizer_xbox_lights_FUN_169fd0.obj
stianeklund/halo	refs/pull/24/head	delinked/telnet_console_FUN_00130f30.obj
stianeklund/halo	refs/pull/24/head	delinked/telnet_console_FUN_00131130.obj
stianeklund/halo	refs/pull/24/head	delinked/telnet_console_FUN_00131150.obj
stianeklund/halo	refs/pull/24/head	delinked/telnet_console_FUN_00131280.obj
stianeklund/halo	refs/pull/24/head	delinked/telnet_console_FUN_001313f0.obj
stianeklund/halo	refs/pull/24/head	delinked/telnet_console_FUN_00131700.obj
stianeklund/halo	refs/pull/24/head	delinked/telnet_console_FUN_00131790.obj
stianeklund/halo	refs/pull/24/head	tools/equivalence/_global_bytes.py
stianeklund/halo	refs/pull/24/head	tools/equivalence/known_globals.json
stianeklund/halo	refs/pull/24/head	tools/equivalence/regression_snapshots/evaluate_game_complexity.json
stianeklund/halo	refs/pull/24/head	tools/equivalence/regression_snapshots/player_count.json
stianeklund/halo	refs/pull/25/head	delinked/rasterizer_xbox_lights_FUN_169fd0.obj
stianeklund/halo	refs/pull/25/head	delinked/telnet_console_FUN_00130f30.obj
stianeklund/halo	refs/pull/25/head	delinked/telnet_console_FUN_00131130.obj
stianeklund/halo	refs/pull/25/head	delinked/telnet_console_FUN_00131150.obj
stianeklund/halo	refs/pull/25/head	delinked/telnet_console_FUN_00131280.obj
stianeklund/halo	refs/pull/25/head	delinked/telnet_console_FUN_001313f0.obj
stianeklund/halo	refs/pull/25/head	delinked/telnet_console_FUN_00131700.obj
stianeklund/halo	refs/pull/25/head	delinked/telnet_console_FUN_00131790.obj
stianeklund/halo	refs/pull/25/head	halo_2276_functions.txt
stianeklund/halo	refs/pull/25/head	halo_decompiled/cachebeta.elf.asm
stianeklund/halo	refs/pull/25/head	halo_decompiled/cachebeta.elf.c
stianeklund/halo	refs/pull/25/head	halo_decompiled/cachebeta.elf.h
stianeklund/halo	refs/pull/25/head	tools/equivalence/_global_bytes.py
stianeklund/halo	refs/pull/25/head	tools/equivalence/known_globals.json
stianeklund/halo	refs/pull/25/head	tools/equivalence/regression_snapshots/evaluate_game_complexity.json
stianeklund/halo	refs/pull/25/head	tools/equivalence/regression_snapshots/player_count.json
stianeklund/halo	refs/pull/26/head	delinked/rasterizer_xbox_lights_FUN_169fd0.obj
stianeklund/halo	refs/pull/26/head	delinked/telnet_console_FUN_00130f30.obj
stianeklund/halo	refs/pull/26/head	delinked/telnet_console_FUN_00131130.obj
stianeklund/halo	refs/pull/26/head	delinked/telnet_console_FUN_00131150.obj
stianeklund/halo	refs/pull/26/head	delinked/telnet_console_FUN_00131280.obj
stianeklund/halo	refs/pull/26/head	delinked/telnet_console_FUN_001313f0.obj
stianeklund/halo	refs/pull/26/head	delinked/telnet_console_FUN_00131700.obj
stianeklund/halo	refs/pull/26/head	delinked/telnet_console_FUN_00131790.obj
stianeklund/halo	refs/pull/26/head	tools/equivalence/_global_bytes.py
stianeklund/halo	refs/pull/26/head	tools/equivalence/known_globals.json
stianeklund/halo	refs/pull/26/head	tools/equivalence/regression_snapshots/evaluate_game_complexity.json
stianeklund/halo	refs/pull/26/head	tools/equivalence/regression_snapshots/player_count.json
stianeklund/halo	refs/pull/27/head	delinked/rasterizer_xbox_lights_FUN_169fd0.obj
stianeklund/halo	refs/pull/27/head	delinked/telnet_console_FUN_00130f30.obj
stianeklund/halo	refs/pull/27/head	delinked/telnet_console_FUN_00131130.obj
stianeklund/halo	refs/pull/27/head	delinked/telnet_console_FUN_00131150.obj
stianeklund/halo	refs/pull/27/head	delinked/telnet_console_FUN_00131280.obj
stianeklund/halo	refs/pull/27/head	delinked/telnet_console_FUN_001313f0.obj
stianeklund/halo	refs/pull/27/head	delinked/telnet_console_FUN_00131700.obj
stianeklund/halo	refs/pull/27/head	delinked/telnet_console_FUN_00131790.obj
stianeklund/halo	refs/pull/27/head	tools/equivalence/_global_bytes.py
stianeklund/halo	refs/pull/27/head	tools/equivalence/known_globals.json
stianeklund/halo	refs/pull/27/head	tools/equivalence/regression_snapshots/evaluate_game_complexity.json
stianeklund/halo	refs/pull/27/head	tools/equivalence/regression_snapshots/player_count.json
stianeklund/halo	refs/pull/28/head	delinked/rasterizer_xbox_lights_FUN_169fd0.obj
stianeklund/halo	refs/pull/28/head	delinked/telnet_console_FUN_00130f30.obj
stianeklund/halo	refs/pull/28/head	delinked/telnet_console_FUN_00131130.obj
stianeklund/halo	refs/pull/28/head	delinked/telnet_console_FUN_00131150.obj
stianeklund/halo	refs/pull/28/head	delinked/telnet_console_FUN_00131280.obj
stianeklund/halo	refs/pull/28/head	delinked/telnet_console_FUN_001313f0.obj
stianeklund/halo	refs/pull/28/head	delinked/telnet_console_FUN_00131700.obj
stianeklund/halo	refs/pull/28/head	delinked/telnet_console_FUN_00131790.obj
stianeklund/halo	refs/pull/28/head	halo_2276_functions.txt
stianeklund/halo	refs/pull/28/head	halo_decompiled/cachebeta.elf.asm
stianeklund/halo	refs/pull/28/head	halo_decompiled/cachebeta.elf.c
stianeklund/halo	refs/pull/28/head	halo_decompiled/cachebeta.elf.h
stianeklund/halo	refs/pull/28/head	tools/equivalence/_global_bytes.py
stianeklund/halo	refs/pull/28/head	tools/equivalence/known_globals.json
stianeklund/halo	refs/pull/28/head	tools/equivalence/regression_snapshots/evaluate_game_complexity.json
stianeklund/halo	refs/pull/28/head	tools/equivalence/regression_snapshots/player_count.json
stianeklund/halo	refs/pull/29/head	delinked/rasterizer_xbox_lights_FUN_169fd0.obj
stianeklund/halo	refs/pull/29/head	delinked/telnet_console_FUN_00130f30.obj
stianeklund/halo	refs/pull/29/head	delinked/telnet_console_FUN_00131130.obj
stianeklund/halo	refs/pull/29/head	delinked/telnet_console_FUN_00131150.obj
stianeklund/halo	refs/pull/29/head	delinked/telnet_console_FUN_00131280.obj
stianeklund/halo	refs/pull/29/head	delinked/telnet_console_FUN_001313f0.obj
stianeklund/halo	refs/pull/29/head	delinked/telnet_console_FUN_00131700.obj
stianeklund/halo	refs/pull/29/head	delinked/telnet_console_FUN_00131790.obj
stianeklund/halo	refs/pull/29/head	tools/equivalence/_global_bytes.py
stianeklund/halo	refs/pull/29/head	tools/equivalence/known_globals.json
stianeklund/halo	refs/pull/29/head	tools/equivalence/regression_snapshots/evaluate_game_complexity.json
stianeklund/halo	refs/pull/29/head	tools/equivalence/regression_snapshots/player_count.json
stianeklund/halo	refs/pull/3/head	delinked/rasterizer_xbox_lights_FUN_169fd0.obj
stianeklund/halo	refs/pull/3/head	delinked/telnet_console_FUN_00130f30.obj
stianeklund/halo	refs/pull/3/head	delinked/telnet_console_FUN_00131130.obj
stianeklund/halo	refs/pull/3/head	delinked/telnet_console_FUN_00131150.obj
stianeklund/halo	refs/pull/3/head	delinked/telnet_console_FUN_00131280.obj
stianeklund/halo	refs/pull/3/head	delinked/telnet_console_FUN_001313f0.obj
stianeklund/halo	refs/pull/3/head	delinked/telnet_console_FUN_00131700.obj
stianeklund/halo	refs/pull/3/head	delinked/telnet_console_FUN_00131790.obj
stianeklund/halo	refs/pull/3/head	tools/equivalence/_global_bytes.py
stianeklund/halo	refs/pull/3/head	tools/equivalence/known_globals.json
stianeklund/halo	refs/pull/3/head	tools/equivalence/regression_snapshots/evaluate_game_complexity.json
stianeklund/halo	refs/pull/3/head	tools/equivalence/regression_snapshots/player_count.json
stianeklund/halo	refs/pull/4/head	tools/equivalence/_global_bytes.py
stianeklund/halo	refs/pull/4/head	tools/equivalence/known_globals.json
stianeklund/halo	refs/pull/4/head	tools/equivalence/regression_snapshots/evaluate_game_complexity.json
stianeklund/halo	refs/pull/4/head	tools/equivalence/regression_snapshots/player_count.json
stianeklund/halo	refs/pull/5/head	tools/equivalence/_global_bytes.py
stianeklund/halo	refs/pull/5/head	tools/equivalence/known_globals.json
stianeklund/halo	refs/pull/5/head	tools/equivalence/regression_snapshots/evaluate_game_complexity.json
stianeklund/halo	refs/pull/5/head	tools/equivalence/regression_snapshots/player_count.json
stianeklund/halo	refs/pull/6/head	tools/equivalence/_global_bytes.py
stianeklund/halo	refs/pull/6/head	tools/equivalence/known_globals.json
stianeklund/halo	refs/pull/6/head	tools/equivalence/regression_snapshots/evaluate_game_complexity.json
stianeklund/halo	refs/pull/6/head	tools/equivalence/regression_snapshots/player_count.json
stianeklund/halo	refs/pull/7/head	tools/equivalence/_global_bytes.py
stianeklund/halo	refs/pull/7/head	tools/equivalence/known_globals.json
stianeklund/halo	refs/pull/7/head	tools/equivalence/regression_snapshots/evaluate_game_complexity.json
stianeklund/halo	refs/pull/7/head	tools/equivalence/regression_snapshots/player_count.json
stianeklund/halo	refs/pull/8/head	tools/equivalence/_global_bytes.py
stianeklund/halo	refs/pull/8/head	tools/equivalence/known_globals.json
stianeklund/halo	refs/pull/8/head	tools/equivalence/regression_snapshots/evaluate_game_complexity.json
stianeklund/halo	refs/pull/8/head	tools/equivalence/regression_snapshots/player_count.json
stianeklund/halo	refs/pull/9/head	tools/equivalence/_global_bytes.py
stianeklund/halo	refs/pull/9/head	tools/equivalence/known_globals.json
stianeklund/halo	refs/pull/9/head	tools/equivalence/regression_snapshots/evaluate_game_complexity.json
stianeklund/halo	refs/pull/9/head	tools/equivalence/regression_snapshots/player_count.json
MataPuelc0s/halo	refs/heads/main	delinked/rasterizer_xbox_lights_FUN_169fd0.obj
MataPuelc0s/halo	refs/heads/main	delinked/telnet_console_FUN_00130f30.obj
MataPuelc0s/halo	refs/heads/main	delinked/telnet_console_FUN_00131130.obj
MataPuelc0s/halo	refs/heads/main	delinked/telnet_console_FUN_00131150.obj
MataPuelc0s/halo	refs/heads/main	delinked/telnet_console_FUN_00131280.obj
MataPuelc0s/halo	refs/heads/main	delinked/telnet_console_FUN_001313f0.obj
MataPuelc0s/halo	refs/heads/main	delinked/telnet_console_FUN_00131700.obj
MataPuelc0s/halo	refs/heads/main	delinked/telnet_console_FUN_00131790.obj
MataPuelc0s/halo	refs/heads/main	tools/equivalence/_global_bytes.py
MataPuelc0s/halo	refs/heads/main	tools/equivalence/known_globals.json
MataPuelc0s/halo	refs/heads/main	tools/equivalence/regression_snapshots/evaluate_game_complexity.json
MataPuelc0s/halo	refs/heads/main	tools/equivalence/regression_snapshots/player_count.json
scudo005/halo	refs/heads/main	tools/equivalence/_global_bytes.py
scudo005/halo	refs/heads/main	tools/equivalence/known_globals.json
scudo005/halo	refs/heads/main	tools/equivalence/regression_snapshots/evaluate_game_complexity.json
scudo005/halo	refs/heads/main	tools/equivalence/regression_snapshots/player_count.json
USAvery/halo	refs/heads/main	delinked/rasterizer_xbox_lights_FUN_169fd0.obj
USAvery/halo	refs/heads/main	delinked/telnet_console_FUN_00130f30.obj
USAvery/halo	refs/heads/main	delinked/telnet_console_FUN_00131130.obj
USAvery/halo	refs/heads/main	delinked/telnet_console_FUN_00131150.obj
USAvery/halo	refs/heads/main	delinked/telnet_console_FUN_00131280.obj
USAvery/halo	refs/heads/main	delinked/telnet_console_FUN_001313f0.obj
USAvery/halo	refs/heads/main	delinked/telnet_console_FUN_00131700.obj
USAvery/halo	refs/heads/main	delinked/telnet_console_FUN_00131790.obj
USAvery/halo	refs/heads/main	tools/equivalence/_global_bytes.py
USAvery/halo	refs/heads/main	tools/equivalence/known_globals.json
USAvery/halo	refs/heads/main	tools/equivalence/regression_snapshots/evaluate_game_complexity.json
USAvery/halo	refs/heads/main	tools/equivalence/regression_snapshots/player_count.json
General-101/halo	refs/heads/main	tools/equivalence/_global_bytes.py
General-101/halo	refs/heads/main	tools/equivalence/known_globals.json
General-101/halo	refs/heads/main	tools/equivalence/regression_snapshots/evaluate_game_complexity.json
General-101/halo	refs/heads/main	tools/equivalence/regression_snapshots/player_count.json
pastudan/halo	refs/heads/handoff/mac-2026-09-27	ci/snapshot.json
pastudan/halo	refs/heads/handoff/mac-2026-09-27	delinked/functions/0018e3c0.obj
pastudan/halo	refs/heads/handoff/mac-2026-09-27	delinked/functions/00193a80.obj
pastudan/halo	refs/heads/handoff/mac-2026-09-27	delinked/functions/00193b00.obj
pastudan/halo	refs/heads/handoff/mac-2026-09-27	delinked/functions/00193c00.obj
pastudan/halo	refs/heads/handoff/mac-2026-09-27	delinked/functions/00195bc0.obj
pastudan/halo	refs/heads/handoff/mac-2026-09-27	delinked/functions/0019b210.obj
pastudan/halo	refs/heads/handoff/mac-2026-09-27	tools/equivalence/_global_bytes.py
pastudan/halo	refs/heads/handoff/mac-2026-09-27	tools/equivalence/known_globals.json
pastudan/halo	refs/heads/handoff/mac-2026-09-27	tools/equivalence/regression_snapshots/evaluate_game_complexity.json
pastudan/halo	refs/heads/handoff/mac-2026-09-27	tools/equivalence/regression_snapshots/player_count.json
pastudan/halo	refs/heads/main	ci/snapshot.json
pastudan/halo	refs/heads/main	delinked/functions/0018e3c0.obj
pastudan/halo	refs/heads/main	delinked/functions/00193a80.obj
pastudan/halo	refs/heads/main	delinked/functions/00193b00.obj
pastudan/halo	refs/heads/main	delinked/functions/00193c00.obj
pastudan/halo	refs/heads/main	delinked/functions/00195bc0.obj
pastudan/halo	refs/heads/main	delinked/functions/0019b210.obj
pastudan/halo	refs/heads/main	tools/equivalence/_global_bytes.py
pastudan/halo	refs/heads/main	tools/equivalence/known_globals.json
pastudan/halo	refs/heads/main	tools/equivalence/regression_snapshots/evaluate_game_complexity.json
pastudan/halo	refs/heads/main	tools/equivalence/regression_snapshots/player_count.json
pastudan/halo	refs/heads/track-a-collision-bsp	ci/snapshot.json
pastudan/halo	refs/heads/track-a-collision-bsp	delinked/functions/0018e3c0.obj
pastudan/halo	refs/heads/track-a-collision-bsp	delinked/functions/00193a80.obj
pastudan/halo	refs/heads/track-a-collision-bsp	delinked/functions/00193b00.obj
pastudan/halo	refs/heads/track-a-collision-bsp	delinked/functions/00193c00.obj
pastudan/halo	refs/heads/track-a-collision-bsp	delinked/functions/00195bc0.obj
pastudan/halo	refs/heads/track-a-collision-bsp	delinked/functions/0019b210.obj
pastudan/halo	refs/heads/track-a-collision-bsp	tools/equivalence/_global_bytes.py
pastudan/halo	refs/heads/track-a-collision-bsp	tools/equivalence/known_globals.json
pastudan/halo	refs/heads/track-a-collision-bsp	tools/equivalence/regression_snapshots/evaluate_game_complexity.json
pastudan/halo	refs/heads/track-a-collision-bsp	tools/equivalence/regression_snapshots/player_count.json
pastudan/halo	refs/heads/track-a-grindA	ci/snapshot.json
pastudan/halo	refs/heads/track-a-grindA	delinked/functions/0018e3c0.obj
pastudan/halo	refs/heads/track-a-grindA	delinked/functions/00193a80.obj
pastudan/halo	refs/heads/track-a-grindA	delinked/functions/00193b00.obj
pastudan/halo	refs/heads/track-a-grindA	delinked/functions/00193c00.obj
pastudan/halo	refs/heads/track-a-grindA	delinked/functions/00195bc0.obj
pastudan/halo	refs/heads/track-a-grindA	delinked/functions/0019b210.obj
pastudan/halo	refs/heads/track-a-grindA	tools/equivalence/_global_bytes.py
pastudan/halo	refs/heads/track-a-grindA	tools/equivalence/known_globals.json
pastudan/halo	refs/heads/track-a-grindA	tools/equivalence/regression_snapshots/evaluate_game_complexity.json
pastudan/halo	refs/heads/track-a-grindA	tools/equivalence/regression_snapshots/player_count.json
pastudan/halo	refs/heads/track-a-grok-e	ci/snapshot.json
pastudan/halo	refs/heads/track-a-grok-e	delinked/functions/0018e3c0.obj
pastudan/halo	refs/heads/track-a-grok-e	delinked/functions/00193a80.obj
pastudan/halo	refs/heads/track-a-grok-e	delinked/functions/00193b00.obj
pastudan/halo	refs/heads/track-a-grok-e	delinked/functions/00193c00.obj
pastudan/halo	refs/heads/track-a-grok-e	delinked/functions/00195bc0.obj
pastudan/halo	refs/heads/track-a-grok-e	delinked/functions/0019b210.obj
pastudan/halo	refs/heads/track-a-grok-e	tools/equivalence/_global_bytes.py
pastudan/halo	refs/heads/track-a-grok-e	tools/equivalence/known_globals.json
pastudan/halo	refs/heads/track-a-grok-e	tools/equivalence/regression_snapshots/evaluate_game_complexity.json
pastudan/halo	refs/heads/track-a-grok-e	tools/equivalence/regression_snapshots/player_count.json
pastudan/halo	refs/heads/track-a-grokN-solo	ci/snapshot.json
pastudan/halo	refs/heads/track-a-grokN-solo	delinked/functions/0018e3c0.obj
pastudan/halo	refs/heads/track-a-grokN-solo	delinked/functions/00193a80.obj
pastudan/halo	refs/heads/track-a-grokN-solo	delinked/functions/00193b00.obj
pastudan/halo	refs/heads/track-a-grokN-solo	delinked/functions/00193c00.obj
pastudan/halo	refs/heads/track-a-grokN-solo	delinked/functions/00195bc0.obj
pastudan/halo	refs/heads/track-a-grokN-solo	delinked/functions/0019b210.obj
pastudan/halo	refs/heads/track-a-grokN-solo	tools/equivalence/_global_bytes.py
pastudan/halo	refs/heads/track-a-grokN-solo	tools/equivalence/known_globals.json
pastudan/halo	refs/heads/track-a-grokN-solo	tools/equivalence/regression_snapshots/evaluate_game_complexity.json
pastudan/halo	refs/heads/track-a-grokN-solo	tools/equivalence/regression_snapshots/player_count.json
nickarcade/halo	refs/heads/Push09132026	delinked/rasterizer_xbox_lights_FUN_169fd0.obj
nickarcade/halo	refs/heads/Push09132026	delinked/telnet_console_FUN_00130f30.obj
nickarcade/halo	refs/heads/Push09132026	delinked/telnet_console_FUN_00131130.obj
nickarcade/halo	refs/heads/Push09132026	delinked/telnet_console_FUN_00131150.obj
nickarcade/halo	refs/heads/Push09132026	delinked/telnet_console_FUN_00131280.obj
nickarcade/halo	refs/heads/Push09132026	delinked/telnet_console_FUN_001313f0.obj
nickarcade/halo	refs/heads/Push09132026	delinked/telnet_console_FUN_00131700.obj
nickarcade/halo	refs/heads/Push09132026	delinked/telnet_console_FUN_00131790.obj
nickarcade/halo	refs/heads/Push09132026	tools/equivalence/_global_bytes.py
nickarcade/halo	refs/heads/Push09132026	tools/equivalence/known_globals.json
nickarcade/halo	refs/heads/Push09132026	tools/equivalence/regression_snapshots/evaluate_game_complexity.json
nickarcade/halo	refs/heads/Push09132026	tools/equivalence/regression_snapshots/player_count.json
nickarcade/halo	refs/heads/batch-1.2-objects-recovery	delinked/rasterizer_xbox_lights_FUN_169fd0.obj
nickarcade/halo	refs/heads/batch-1.2-objects-recovery	delinked/telnet_console_FUN_00130f30.obj
nickarcade/halo	refs/heads/batch-1.2-objects-recovery	delinked/telnet_console_FUN_00131130.obj
nickarcade/halo	refs/heads/batch-1.2-objects-recovery	delinked/telnet_console_FUN_00131150.obj
nickarcade/halo	refs/heads/batch-1.2-objects-recovery	delinked/telnet_console_FUN_00131280.obj
nickarcade/halo	refs/heads/batch-1.2-objects-recovery	delinked/telnet_console_FUN_001313f0.obj
nickarcade/halo	refs/heads/batch-1.2-objects-recovery	delinked/telnet_console_FUN_00131700.obj
nickarcade/halo	refs/heads/batch-1.2-objects-recovery	delinked/telnet_console_FUN_00131790.obj
nickarcade/halo	refs/heads/batch-1.2-objects-recovery	tools/equivalence/_global_bytes.py
nickarcade/halo	refs/heads/batch-1.2-objects-recovery	tools/equivalence/known_globals.json
nickarcade/halo	refs/heads/batch-1.2-objects-recovery	tools/equivalence/regression_snapshots/evaluate_game_complexity.json
nickarcade/halo	refs/heads/batch-1.2-objects-recovery	tools/equivalence/regression_snapshots/player_count.json
nickarcade/halo	refs/heads/batch-1.3-ai-perception-recovery	delinked/rasterizer_xbox_lights_FUN_169fd0.obj
nickarcade/halo	refs/heads/batch-1.3-ai-perception-recovery	delinked/telnet_console_FUN_00130f30.obj
nickarcade/halo	refs/heads/batch-1.3-ai-perception-recovery	delinked/telnet_console_FUN_00131130.obj
nickarcade/halo	refs/heads/batch-1.3-ai-perception-recovery	delinked/telnet_console_FUN_00131150.obj
nickarcade/halo	refs/heads/batch-1.3-ai-perception-recovery	delinked/telnet_console_FUN_00131280.obj
nickarcade/halo	refs/heads/batch-1.3-ai-perception-recovery	delinked/telnet_console_FUN_001313f0.obj
nickarcade/halo	refs/heads/batch-1.3-ai-perception-recovery	delinked/telnet_console_FUN_00131700.obj
nickarcade/halo	refs/heads/batch-1.3-ai-perception-recovery	delinked/telnet_console_FUN_00131790.obj
nickarcade/halo	refs/heads/batch-1.3-ai-perception-recovery	tools/equivalence/_global_bytes.py
nickarcade/halo	refs/heads/batch-1.3-ai-perception-recovery	tools/equivalence/known_globals.json
nickarcade/halo	refs/heads/batch-1.3-ai-perception-recovery	tools/equivalence/regression_snapshots/evaluate_game_complexity.json
nickarcade/halo	refs/heads/batch-1.3-ai-perception-recovery	tools/equivalence/regression_snapshots/player_count.json
nickarcade/halo	refs/heads/batch-1.4-network-hud-recovery	delinked/rasterizer_xbox_lights_FUN_169fd0.obj
nickarcade/halo	refs/heads/batch-1.4-network-hud-recovery	delinked/telnet_console_FUN_00130f30.obj
nickarcade/halo	refs/heads/batch-1.4-network-hud-recovery	delinked/telnet_console_FUN_00131130.obj
nickarcade/halo	refs/heads/batch-1.4-network-hud-recovery	delinked/telnet_console_FUN_00131150.obj
nickarcade/halo	refs/heads/batch-1.4-network-hud-recovery	delinked/telnet_console_FUN_00131280.obj
nickarcade/halo	refs/heads/batch-1.4-network-hud-recovery	delinked/telnet_console_FUN_001313f0.obj
nickarcade/halo	refs/heads/batch-1.4-network-hud-recovery	delinked/telnet_console_FUN_00131700.obj
nickarcade/halo	refs/heads/batch-1.4-network-hud-recovery	delinked/telnet_console_FUN_00131790.obj
nickarcade/halo	refs/heads/batch-1.4-network-hud-recovery	tools/equivalence/_global_bytes.py
nickarcade/halo	refs/heads/batch-1.4-network-hud-recovery	tools/equivalence/known_globals.json
nickarcade/halo	refs/heads/batch-1.4-network-hud-recovery	tools/equivalence/regression_snapshots/evaluate_game_complexity.json
nickarcade/halo	refs/heads/batch-1.4-network-hud-recovery	tools/equivalence/regression_snapshots/player_count.json
nickarcade/halo	refs/heads/batch-1.5-rasterizer-render-recovery	delinked/rasterizer_xbox_lights_FUN_169fd0.obj
nickarcade/halo	refs/heads/batch-1.5-rasterizer-render-recovery	delinked/telnet_console_FUN_00130f30.obj
nickarcade/halo	refs/heads/batch-1.5-rasterizer-render-recovery	delinked/telnet_console_FUN_00131130.obj
nickarcade/halo	refs/heads/batch-1.5-rasterizer-render-recovery	delinked/telnet_console_FUN_00131150.obj
nickarcade/halo	refs/heads/batch-1.5-rasterizer-render-recovery	delinked/telnet_console_FUN_00131280.obj
nickarcade/halo	refs/heads/batch-1.5-rasterizer-render-recovery	delinked/telnet_console_FUN_001313f0.obj
nickarcade/halo	refs/heads/batch-1.5-rasterizer-render-recovery	delinked/telnet_console_FUN_00131700.obj
nickarcade/halo	refs/heads/batch-1.5-rasterizer-render-recovery	delinked/telnet_console_FUN_00131790.obj
nickarcade/halo	refs/heads/batch-1.5-rasterizer-render-recovery	tools/equivalence/_global_bytes.py
nickarcade/halo	refs/heads/batch-1.5-rasterizer-render-recovery	tools/equivalence/known_globals.json
nickarcade/halo	refs/heads/batch-1.5-rasterizer-render-recovery	tools/equivalence/regression_snapshots/evaluate_game_complexity.json
nickarcade/halo	refs/heads/batch-1.5-rasterizer-render-recovery	tools/equivalence/regression_snapshots/player_count.json
nickarcade/halo	refs/heads/batch-1.5-rasterizer-render-recovery-revised	delinked/rasterizer_xbox_lights_FUN_169fd0.obj
nickarcade/halo	refs/heads/batch-1.5-rasterizer-render-recovery-revised	delinked/telnet_console_FUN_00130f30.obj
nickarcade/halo	refs/heads/batch-1.5-rasterizer-render-recovery-revised	delinked/telnet_console_FUN_00131130.obj
nickarcade/halo	refs/heads/batch-1.5-rasterizer-render-recovery-revised	delinked/telnet_console_FUN_00131150.obj
nickarcade/halo	refs/heads/batch-1.5-rasterizer-render-recovery-revised	delinked/telnet_console_FUN_00131280.obj
nickarcade/halo	refs/heads/batch-1.5-rasterizer-render-recovery-revised	delinked/telnet_console_FUN_001313f0.obj
nickarcade/halo	refs/heads/batch-1.5-rasterizer-render-recovery-revised	delinked/telnet_console_FUN_00131700.obj
nickarcade/halo	refs/heads/batch-1.5-rasterizer-render-recovery-revised	delinked/telnet_console_FUN_00131790.obj
nickarcade/halo	refs/heads/batch-1.5-rasterizer-render-recovery-revised	tools/equivalence/_global_bytes.py
nickarcade/halo	refs/heads/batch-1.5-rasterizer-render-recovery-revised	tools/equivalence/known_globals.json
nickarcade/halo	refs/heads/batch-1.5-rasterizer-render-recovery-revised	tools/equivalence/regression_snapshots/evaluate_game_complexity.json
nickarcade/halo	refs/heads/batch-1.5-rasterizer-render-recovery-revised	tools/equivalence/regression_snapshots/player_count.json
nickarcade/halo	refs/heads/batch-2.1-game-engine-vtables	tools/equivalence/_global_bytes.py
nickarcade/halo	refs/heads/batch-2.1-game-engine-vtables	tools/equivalence/known_globals.json
nickarcade/halo	refs/heads/batch-2.1-game-engine-vtables	tools/equivalence/regression_snapshots/evaluate_game_complexity.json
nickarcade/halo	refs/heads/batch-2.1-game-engine-vtables	tools/equivalence/regression_snapshots/player_count.json
nickarcade/halo	refs/heads/batch-2.2-haloscript-core-recovery	tools/equivalence/_global_bytes.py
nickarcade/halo	refs/heads/batch-2.2-haloscript-core-recovery	tools/equivalence/known_globals.json
nickarcade/halo	refs/heads/batch-2.2-haloscript-core-recovery	tools/equivalence/regression_snapshots/evaluate_game_complexity.json
nickarcade/halo	refs/heads/batch-2.2-haloscript-core-recovery	tools/equivalence/regression_snapshots/player_count.json
nickarcade/halo	refs/heads/batch-2.3-remaining-subsystems	delinked/rasterizer_xbox_lights_FUN_169fd0.obj
nickarcade/halo	refs/heads/batch-2.3-remaining-subsystems	delinked/telnet_console_FUN_00130f30.obj
nickarcade/halo	refs/heads/batch-2.3-remaining-subsystems	delinked/telnet_console_FUN_00131130.obj
nickarcade/halo	refs/heads/batch-2.3-remaining-subsystems	delinked/telnet_console_FUN_00131150.obj
nickarcade/halo	refs/heads/batch-2.3-remaining-subsystems	delinked/telnet_console_FUN_00131280.obj
nickarcade/halo	refs/heads/batch-2.3-remaining-subsystems	delinked/telnet_console_FUN_001313f0.obj
nickarcade/halo	refs/heads/batch-2.3-remaining-subsystems	delinked/telnet_console_FUN_00131700.obj
nickarcade/halo	refs/heads/batch-2.3-remaining-subsystems	delinked/telnet_console_FUN_00131790.obj
nickarcade/halo	refs/heads/batch-2.3-remaining-subsystems	tools/equivalence/_global_bytes.py
nickarcade/halo	refs/heads/batch-2.3-remaining-subsystems	tools/equivalence/known_globals.json
nickarcade/halo	refs/heads/batch-2.3-remaining-subsystems	tools/equivalence/regression_snapshots/evaluate_game_complexity.json
nickarcade/halo	refs/heads/batch-2.3-remaining-subsystems	tools/equivalence/regression_snapshots/player_count.json
nickarcade/halo	refs/heads/batch-3-lift-and-byte-matching	delinked/rasterizer_xbox_lights_FUN_169fd0.obj
nickarcade/halo	refs/heads/batch-3-lift-and-byte-matching	delinked/telnet_console_FUN_00130f30.obj
nickarcade/halo	refs/heads/batch-3-lift-and-byte-matching	delinked/telnet_console_FUN_00131130.obj
nickarcade/halo	refs/heads/batch-3-lift-and-byte-matching	delinked/telnet_console_FUN_00131150.obj
nickarcade/halo	refs/heads/batch-3-lift-and-byte-matching	delinked/telnet_console_FUN_00131280.obj
nickarcade/halo	refs/heads/batch-3-lift-and-byte-matching	delinked/telnet_console_FUN_001313f0.obj
nickarcade/halo	refs/heads/batch-3-lift-and-byte-matching	delinked/telnet_console_FUN_00131700.obj
nickarcade/halo	refs/heads/batch-3-lift-and-byte-matching	delinked/telnet_console_FUN_00131790.obj
nickarcade/halo	refs/heads/batch-3-lift-and-byte-matching	tools/equivalence/_global_bytes.py
nickarcade/halo	refs/heads/batch-3-lift-and-byte-matching	tools/equivalence/known_globals.json
nickarcade/halo	refs/heads/batch-3-lift-and-byte-matching	tools/equivalence/regression_snapshots/evaluate_game_complexity.json
nickarcade/halo	refs/heads/batch-3-lift-and-byte-matching	tools/equivalence/regression_snapshots/player_count.json
nickarcade/halo	refs/heads/batch-3.1-math-geometry-leaves	delinked/rasterizer_xbox_lights_FUN_169fd0.obj
nickarcade/halo	refs/heads/batch-3.1-math-geometry-leaves	delinked/telnet_console_FUN_00130f30.obj
nickarcade/halo	refs/heads/batch-3.1-math-geometry-leaves	delinked/telnet_console_FUN_00131130.obj
nickarcade/halo	refs/heads/batch-3.1-math-geometry-leaves	delinked/telnet_console_FUN_00131150.obj
nickarcade/halo	refs/heads/batch-3.1-math-geometry-leaves	delinked/telnet_console_FUN_00131280.obj
nickarcade/halo	refs/heads/batch-3.1-math-geometry-leaves	delinked/telnet_console_FUN_001313f0.obj
nickarcade/halo	refs/heads/batch-3.1-math-geometry-leaves	delinked/telnet_console_FUN_00131700.obj
nickarcade/halo	refs/heads/batch-3.1-math-geometry-leaves	delinked/telnet_console_FUN_00131790.obj
nickarcade/halo	refs/heads/batch-3.1-math-geometry-leaves	tools/equivalence/_global_bytes.py
nickarcade/halo	refs/heads/batch-3.1-math-geometry-leaves	tools/equivalence/known_globals.json
nickarcade/halo	refs/heads/batch-3.1-math-geometry-leaves	tools/equivalence/regression_snapshots/evaluate_game_complexity.json
nickarcade/halo	refs/heads/batch-3.1-math-geometry-leaves	tools/equivalence/regression_snapshots/player_count.json
nickarcade/halo	refs/heads/batch-3.2-high-xref-engine-helpers	delinked/rasterizer_xbox_lights_FUN_169fd0.obj
nickarcade/halo	refs/heads/batch-3.2-high-xref-engine-helpers	delinked/telnet_console_FUN_00130f30.obj
nickarcade/halo	refs/heads/batch-3.2-high-xref-engine-helpers	delinked/telnet_console_FUN_00131130.obj
nickarcade/halo	refs/heads/batch-3.2-high-xref-engine-helpers	delinked/telnet_console_FUN_00131150.obj
nickarcade/halo	refs/heads/batch-3.2-high-xref-engine-helpers	delinked/telnet_console_FUN_00131280.obj
nickarcade/halo	refs/heads/batch-3.2-high-xref-engine-helpers	delinked/telnet_console_FUN_001313f0.obj
nickarcade/halo	refs/heads/batch-3.2-high-xref-engine-helpers	delinked/telnet_console_FUN_00131700.obj
nickarcade/halo	refs/heads/batch-3.2-high-xref-engine-helpers	delinked/telnet_console_FUN_00131790.obj
nickarcade/halo	refs/heads/batch-3.2-high-xref-engine-helpers	tools/equivalence/_global_bytes.py
nickarcade/halo	refs/heads/batch-3.2-high-xref-engine-helpers	tools/equivalence/known_globals.json
nickarcade/halo	refs/heads/batch-3.2-high-xref-engine-helpers	tools/equivalence/regression_snapshots/evaluate_game_complexity.json
nickarcade/halo	refs/heads/batch-3.2-high-xref-engine-helpers	tools/equivalence/regression_snapshots/player_count.json
nickarcade/halo	refs/heads/batch-4.1-haloscript-core-recovery	delinked/rasterizer_xbox_lights_FUN_169fd0.obj
nickarcade/halo	refs/heads/batch-4.1-haloscript-core-recovery	delinked/telnet_console_FUN_00130f30.obj
nickarcade/halo	refs/heads/batch-4.1-haloscript-core-recovery	delinked/telnet_console_FUN_00131130.obj
nickarcade/halo	refs/heads/batch-4.1-haloscript-core-recovery	delinked/telnet_console_FUN_00131150.obj
nickarcade/halo	refs/heads/batch-4.1-haloscript-core-recovery	delinked/telnet_console_FUN_00131280.obj
nickarcade/halo	refs/heads/batch-4.1-haloscript-core-recovery	delinked/telnet_console_FUN_001313f0.obj
nickarcade/halo	refs/heads/batch-4.1-haloscript-core-recovery	delinked/telnet_console_FUN_00131700.obj
nickarcade/halo	refs/heads/batch-4.1-haloscript-core-recovery	delinked/telnet_console_FUN_00131790.obj
nickarcade/halo	refs/heads/batch-4.1-haloscript-core-recovery	tools/equivalence/_global_bytes.py
nickarcade/halo	refs/heads/batch-4.1-haloscript-core-recovery	tools/equivalence/known_globals.json
nickarcade/halo	refs/heads/batch-4.1-haloscript-core-recovery	tools/equivalence/regression_snapshots/evaluate_game_complexity.json
nickarcade/halo	refs/heads/batch-4.1-haloscript-core-recovery	tools/equivalence/regression_snapshots/player_count.json
nickarcade/halo	refs/heads/batch-4.2-weapon-subsystem-recovery	delinked/rasterizer_xbox_lights_FUN_169fd0.obj
nickarcade/halo	refs/heads/batch-4.2-weapon-subsystem-recovery	delinked/telnet_console_FUN_00130f30.obj
nickarcade/halo	refs/heads/batch-4.2-weapon-subsystem-recovery	delinked/telnet_console_FUN_00131130.obj
nickarcade/halo	refs/heads/batch-4.2-weapon-subsystem-recovery	delinked/telnet_console_FUN_00131150.obj
nickarcade/halo	refs/heads/batch-4.2-weapon-subsystem-recovery	delinked/telnet_console_FUN_00131280.obj
nickarcade/halo	refs/heads/batch-4.2-weapon-subsystem-recovery	delinked/telnet_console_FUN_001313f0.obj
nickarcade/halo	refs/heads/batch-4.2-weapon-subsystem-recovery	delinked/telnet_console_FUN_00131700.obj
nickarcade/halo	refs/heads/batch-4.2-weapon-subsystem-recovery	delinked/telnet_console_FUN_00131790.obj
nickarcade/halo	refs/heads/batch-4.2-weapon-subsystem-recovery	tools/equivalence/_global_bytes.py
nickarcade/halo	refs/heads/batch-4.2-weapon-subsystem-recovery	tools/equivalence/known_globals.json
nickarcade/halo	refs/heads/batch-4.2-weapon-subsystem-recovery	tools/equivalence/regression_snapshots/evaluate_game_complexity.json
nickarcade/halo	refs/heads/batch-4.2-weapon-subsystem-recovery	tools/equivalence/regression_snapshots/player_count.json
nickarcade/halo	refs/heads/batch-4.3-player-subsystem-recovery	delinked/rasterizer_xbox_lights_FUN_169fd0.obj
nickarcade/halo	refs/heads/batch-4.3-player-subsystem-recovery	delinked/telnet_console_FUN_00130f30.obj
nickarcade/halo	refs/heads/batch-4.3-player-subsystem-recovery	delinked/telnet_console_FUN_00131130.obj
nickarcade/halo	refs/heads/batch-4.3-player-subsystem-recovery	delinked/telnet_console_FUN_00131150.obj
nickarcade/halo	refs/heads/batch-4.3-player-subsystem-recovery	delinked/telnet_console_FUN_00131280.obj
nickarcade/halo	refs/heads/batch-4.3-player-subsystem-recovery	delinked/telnet_console_FUN_001313f0.obj
nickarcade/halo	refs/heads/batch-4.3-player-subsystem-recovery	delinked/telnet_console_FUN_00131700.obj
nickarcade/halo	refs/heads/batch-4.3-player-subsystem-recovery	delinked/telnet_console_FUN_00131790.obj
nickarcade/halo	refs/heads/batch-4.3-player-subsystem-recovery	tools/equivalence/_global_bytes.py
nickarcade/halo	refs/heads/batch-4.3-player-subsystem-recovery	tools/equivalence/known_globals.json
nickarcade/halo	refs/heads/batch-4.3-player-subsystem-recovery	tools/equivalence/regression_snapshots/evaluate_game_complexity.json
nickarcade/halo	refs/heads/batch-4.3-player-subsystem-recovery	tools/equivalence/regression_snapshots/player_count.json
nickarcade/halo	refs/heads/batch-4.x-close-near-complete-tus	delinked/rasterizer_xbox_lights_FUN_169fd0.obj
nickarcade/halo	refs/heads/batch-4.x-close-near-complete-tus	delinked/telnet_console_FUN_00130f30.obj
nickarcade/halo	refs/heads/batch-4.x-close-near-complete-tus	delinked/telnet_console_FUN_00131130.obj
nickarcade/halo	refs/heads/batch-4.x-close-near-complete-tus	delinked/telnet_console_FUN_00131150.obj
nickarcade/halo	refs/heads/batch-4.x-close-near-complete-tus	delinked/telnet_console_FUN_00131280.obj
nickarcade/halo	refs/heads/batch-4.x-close-near-complete-tus	delinked/telnet_console_FUN_001313f0.obj
nickarcade/halo	refs/heads/batch-4.x-close-near-complete-tus	delinked/telnet_console_FUN_00131700.obj
nickarcade/halo	refs/heads/batch-4.x-close-near-complete-tus	delinked/telnet_console_FUN_00131790.obj
nickarcade/halo	refs/heads/batch-4.x-close-near-complete-tus	tools/equivalence/_global_bytes.py
nickarcade/halo	refs/heads/batch-4.x-close-near-complete-tus	tools/equivalence/known_globals.json
nickarcade/halo	refs/heads/batch-4.x-close-near-complete-tus	tools/equivalence/regression_snapshots/evaluate_game_complexity.json
nickarcade/halo	refs/heads/batch-4.x-close-near-complete-tus	tools/equivalence/regression_snapshots/player_count.json
nickarcade/halo	refs/heads/batch-4.x-fast-follow	delinked/rasterizer_xbox_lights_FUN_169fd0.obj
nickarcade/halo	refs/heads/batch-4.x-fast-follow	delinked/telnet_console_FUN_00130f30.obj
nickarcade/halo	refs/heads/batch-4.x-fast-follow	delinked/telnet_console_FUN_00131130.obj
nickarcade/halo	refs/heads/batch-4.x-fast-follow	delinked/telnet_console_FUN_00131150.obj
nickarcade/halo	refs/heads/batch-4.x-fast-follow	delinked/telnet_console_FUN_00131280.obj
nickarcade/halo	refs/heads/batch-4.x-fast-follow	delinked/telnet_console_FUN_001313f0.obj
nickarcade/halo	refs/heads/batch-4.x-fast-follow	delinked/telnet_console_FUN_00131700.obj
nickarcade/halo	refs/heads/batch-4.x-fast-follow	delinked/telnet_console_FUN_00131790.obj
nickarcade/halo	refs/heads/batch-4.x-fast-follow	tools/equivalence/_global_bytes.py
nickarcade/halo	refs/heads/batch-4.x-fast-follow	tools/equivalence/known_globals.json
nickarcade/halo	refs/heads/batch-4.x-fast-follow	tools/equivalence/regression_snapshots/evaluate_game_complexity.json
nickarcade/halo	refs/heads/batch-4.x-fast-follow	tools/equivalence/regression_snapshots/player_count.json
nickarcade/halo	refs/heads/batch-5.1a-player-effects-and-ui	delinked/rasterizer_xbox_lights_FUN_169fd0.obj
nickarcade/halo	refs/heads/batch-5.1a-player-effects-and-ui	delinked/telnet_console_FUN_00130f30.obj
nickarcade/halo	refs/heads/batch-5.1a-player-effects-and-ui	delinked/telnet_console_FUN_00131130.obj
nickarcade/halo	refs/heads/batch-5.1a-player-effects-and-ui	delinked/telnet_console_FUN_00131150.obj
nickarcade/halo	refs/heads/batch-5.1a-player-effects-and-ui	delinked/telnet_console_FUN_00131280.obj
nickarcade/halo	refs/heads/batch-5.1a-player-effects-and-ui	delinked/telnet_console_FUN_001313f0.obj
nickarcade/halo	refs/heads/batch-5.1a-player-effects-and-ui	delinked/telnet_console_FUN_00131700.obj
nickarcade/halo	refs/heads/batch-5.1a-player-effects-and-ui	delinked/telnet_console_FUN_00131790.obj
nickarcade/halo	refs/heads/batch-5.1a-player-effects-and-ui	tools/equivalence/_global_bytes.py
nickarcade/halo	refs/heads/batch-5.1a-player-effects-and-ui	tools/equivalence/known_globals.json
nickarcade/halo	refs/heads/batch-5.1a-player-effects-and-ui	tools/equivalence/regression_snapshots/evaluate_game_complexity.json
nickarcade/halo	refs/heads/batch-5.1a-player-effects-and-ui	tools/equivalence/regression_snapshots/player_count.json
nickarcade/halo	refs/heads/batch2revised	delinked/rasterizer_xbox_lights_FUN_169fd0.obj
nickarcade/halo	refs/heads/batch2revised	delinked/telnet_console_FUN_00130f30.obj
nickarcade/halo	refs/heads/batch2revised	delinked/telnet_console_FUN_00131130.obj
nickarcade/halo	refs/heads/batch2revised	delinked/telnet_console_FUN_00131150.obj
nickarcade/halo	refs/heads/batch2revised	delinked/telnet_console_FUN_00131280.obj
nickarcade/halo	refs/heads/batch2revised	delinked/telnet_console_FUN_001313f0.obj
nickarcade/halo	refs/heads/batch2revised	delinked/telnet_console_FUN_00131700.obj
nickarcade/halo	refs/heads/batch2revised	delinked/telnet_console_FUN_00131790.obj
nickarcade/halo	refs/heads/batch2revised	tools/equivalence/_global_bytes.py
nickarcade/halo	refs/heads/batch2revised	tools/equivalence/known_globals.json
nickarcade/halo	refs/heads/batch2revised	tools/equivalence/regression_snapshots/evaluate_game_complexity.json
nickarcade/halo	refs/heads/batch2revised	tools/equivalence/regression_snapshots/player_count.json
nickarcade/halo	refs/heads/batch3revised	delinked/rasterizer_xbox_lights_FUN_169fd0.obj
nickarcade/halo	refs/heads/batch3revised	delinked/telnet_console_FUN_00130f30.obj
nickarcade/halo	refs/heads/batch3revised	delinked/telnet_console_FUN_00131130.obj
nickarcade/halo	refs/heads/batch3revised	delinked/telnet_console_FUN_00131150.obj
nickarcade/halo	refs/heads/batch3revised	delinked/telnet_console_FUN_00131280.obj
nickarcade/halo	refs/heads/batch3revised	delinked/telnet_console_FUN_001313f0.obj
nickarcade/halo	refs/heads/batch3revised	delinked/telnet_console_FUN_00131700.obj
nickarcade/halo	refs/heads/batch3revised	delinked/telnet_console_FUN_00131790.obj
nickarcade/halo	refs/heads/batch3revised	tools/equivalence/_global_bytes.py
nickarcade/halo	refs/heads/batch3revised	tools/equivalence/known_globals.json
nickarcade/halo	refs/heads/batch3revised	tools/equivalence/regression_snapshots/evaluate_game_complexity.json
nickarcade/halo	refs/heads/batch3revised	tools/equivalence/regression_snapshots/player_count.json
nickarcade/halo	refs/heads/branch3revised	delinked/rasterizer_xbox_lights_FUN_169fd0.obj
nickarcade/halo	refs/heads/branch3revised	delinked/telnet_console_FUN_00130f30.obj
nickarcade/halo	refs/heads/branch3revised	delinked/telnet_console_FUN_00131130.obj
nickarcade/halo	refs/heads/branch3revised	delinked/telnet_console_FUN_00131150.obj
nickarcade/halo	refs/heads/branch3revised	delinked/telnet_console_FUN_00131280.obj
nickarcade/halo	refs/heads/branch3revised	delinked/telnet_console_FUN_001313f0.obj
nickarcade/halo	refs/heads/branch3revised	delinked/telnet_console_FUN_00131700.obj
nickarcade/halo	refs/heads/branch3revised	delinked/telnet_console_FUN_00131790.obj
nickarcade/halo	refs/heads/branch3revised	tools/equivalence/_global_bytes.py
nickarcade/halo	refs/heads/branch3revised	tools/equivalence/known_globals.json
nickarcade/halo	refs/heads/branch3revised	tools/equivalence/regression_snapshots/evaluate_game_complexity.json
nickarcade/halo	refs/heads/branch3revised	tools/equivalence/regression_snapshots/player_count.json
nickarcade/halo	refs/heads/hs-compile-core	tools/equivalence/_global_bytes.py
nickarcade/halo	refs/heads/hs-compile-core	tools/equivalence/known_globals.json
nickarcade/halo	refs/heads/hs-compile-core	tools/equivalence/regression_snapshots/evaluate_game_complexity.json
nickarcade/halo	refs/heads/hs-compile-core	tools/equivalence/regression_snapshots/player_count.json
nickarcade/halo	refs/heads/main	delinked/rasterizer_xbox_lights_FUN_169fd0.obj
nickarcade/halo	refs/heads/main	delinked/telnet_console_FUN_00130f30.obj
nickarcade/halo	refs/heads/main	delinked/telnet_console_FUN_00131130.obj
nickarcade/halo	refs/heads/main	delinked/telnet_console_FUN_00131150.obj
nickarcade/halo	refs/heads/main	delinked/telnet_console_FUN_00131280.obj
nickarcade/halo	refs/heads/main	delinked/telnet_console_FUN_001313f0.obj
nickarcade/halo	refs/heads/main	delinked/telnet_console_FUN_00131700.obj
nickarcade/halo	refs/heads/main	delinked/telnet_console_FUN_00131790.obj
nickarcade/halo	refs/heads/main	tools/equivalence/_global_bytes.py
nickarcade/halo	refs/heads/main	tools/equivalence/known_globals.json
nickarcade/halo	refs/heads/main	tools/equivalence/regression_snapshots/evaluate_game_complexity.json
nickarcade/halo	refs/heads/main	tools/equivalence/regression_snapshots/player_count.json
nickarcade/halo	refs/heads/main_with_revised	delinked/rasterizer_xbox_lights_FUN_169fd0.obj
nickarcade/halo	refs/heads/main_with_revised	delinked/telnet_console_FUN_00130f30.obj
nickarcade/halo	refs/heads/main_with_revised	delinked/telnet_console_FUN_00131130.obj
nickarcade/halo	refs/heads/main_with_revised	delinked/telnet_console_FUN_00131150.obj
nickarcade/halo	refs/heads/main_with_revised	delinked/telnet_console_FUN_00131280.obj
nickarcade/halo	refs/heads/main_with_revised	delinked/telnet_console_FUN_001313f0.obj
nickarcade/halo	refs/heads/main_with_revised	delinked/telnet_console_FUN_00131700.obj
nickarcade/halo	refs/heads/main_with_revised	delinked/telnet_console_FUN_00131790.obj
nickarcade/halo	refs/heads/main_with_revised	halo_2276_functions.txt
nickarcade/halo	refs/heads/main_with_revised	halo_decompiled/cachebeta.elf.asm
nickarcade/halo	refs/heads/main_with_revised	halo_decompiled/cachebeta.elf.c
nickarcade/halo	refs/heads/main_with_revised	halo_decompiled/cachebeta.elf.h
nickarcade/halo	refs/heads/main_with_revised	tools/equivalence/_global_bytes.py
nickarcade/halo	refs/heads/main_with_revised	tools/equivalence/known_globals.json
nickarcade/halo	refs/heads/main_with_revised	tools/equivalence/regression_snapshots/evaluate_game_complexity.json
nickarcade/halo	refs/heads/main_with_revised	tools/equivalence/regression_snapshots/player_count.json
nickarcade/halo	refs/heads/shadow-culling-labels	delinked/rasterizer_xbox_lights_FUN_169fd0.obj
nickarcade/halo	refs/heads/shadow-culling-labels	delinked/telnet_console_FUN_00130f30.obj
nickarcade/halo	refs/heads/shadow-culling-labels	delinked/telnet_console_FUN_00131130.obj
nickarcade/halo	refs/heads/shadow-culling-labels	delinked/telnet_console_FUN_00131150.obj
nickarcade/halo	refs/heads/shadow-culling-labels	delinked/telnet_console_FUN_00131280.obj
nickarcade/halo	refs/heads/shadow-culling-labels	delinked/telnet_console_FUN_001313f0.obj
nickarcade/halo	refs/heads/shadow-culling-labels	delinked/telnet_console_FUN_00131700.obj
nickarcade/halo	refs/heads/shadow-culling-labels	delinked/telnet_console_FUN_00131790.obj
nickarcade/halo	refs/heads/shadow-culling-labels	tools/equivalence/_global_bytes.py
nickarcade/halo	refs/heads/shadow-culling-labels	tools/equivalence/known_globals.json
nickarcade/halo	refs/heads/shadow-culling-labels	tools/equivalence/regression_snapshots/evaluate_game_complexity.json
nickarcade/halo	refs/heads/shadow-culling-labels	tools/equivalence/regression_snapshots/player_count.json
