ref	tree	path	blob
refs/codex/turn-diffs/captures/1790517385754/b35b15ea-a664-4b48-86c6-f6aa98caa1cc/base	6f6f6fb5875163c03a06633d8f6eb2b9dc5b8d43	tools/equivalence/known_globals.json	60d7fc2af853ee9ce04dcd3611c117b57ee36bf7
refs/codex/turn-diffs/captures/1790517385754/b35b15ea-a664-4b48-86c6-f6aa98caa1cc/base	6f6f6fb5875163c03a06633d8f6eb2b9dc5b8d43	tools/equivalence/regression_snapshots/evaluate_game_complexity.json	31dccab3ae06944e3d5329e37457155640a7a937
refs/codex/turn-diffs/captures/1790517385754/b35b15ea-a664-4b48-86c6-f6aa98caa1cc/base	6f6f6fb5875163c03a06633d8f6eb2b9dc5b8d43	tools/equivalence/regression_snapshots/player_count.json	4d9c5c13c0f36487eb0d9da3d34241f2d9e9ad8c
refs/codex/turn-diffs/captures/1790519090549/53bfa130-274d-4ace-ab5e-ad8b6cad9443/base	3bed1debceccf543bd4e882842a2fb6ce3ff02c8	tools/equivalence/known_globals.json	60d7fc2af853ee9ce04dcd3611c117b57ee36bf7
refs/codex/turn-diffs/captures/1790519090549/53bfa130-274d-4ace-ab5e-ad8b6cad9443/base	3bed1debceccf543bd4e882842a2fb6ce3ff02c8	tools/equivalence/regression_snapshots/evaluate_game_complexity.json	31dccab3ae06944e3d5329e37457155640a7a937
refs/codex/turn-diffs/captures/1790519090549/53bfa130-274d-4ace-ab5e-ad8b6cad9443/base	3bed1debceccf543bd4e882842a2fb6ce3ff02c8	tools/equivalence/regression_snapshots/player_count.json	4d9c5c13c0f36487eb0d9da3d34241f2d9e9ad8c
refs/codex/turn-diffs/checkpoints/01422dc8647ecc19654dfa9df104e50b/91786b9256c911532fca61b7cf946452/1790070158230/fa1622fa-48c2-4466-83bc-033dcf5d21c3	ced40d669d7b15d99b8988c8ceac924684163b00	tools/equivalence/known_globals.json	60d7fc2af853ee9ce04dcd3611c117b57ee36bf7
refs/codex/turn-diffs/checkpoints/01422dc8647ecc19654dfa9df104e50b/91786b9256c911532fca61b7cf946452/1790070158230/fa1622fa-48c2-4466-83bc-033dcf5d21c3	ced40d669d7b15d99b8988c8ceac924684163b00	tools/equivalence/regression_snapshots/evaluate_game_complexity.json	31dccab3ae06944e3d5329e37457155640a7a937
refs/codex/turn-diffs/checkpoints/01422dc8647ecc19654dfa9df104e50b/91786b9256c911532fca61b7cf946452/1790070158230/fa1622fa-48c2-4466-83bc-033dcf5d21c3	ced40d669d7b15d99b8988c8ceac924684163b00	tools/equivalence/regression_snapshots/player_count.json	4d9c5c13c0f36487eb0d9da3d34241f2d9e9ad8c
refs/codex/turn-diffs/checkpoints/0da110634a5971461bdb82684e22775c/3f6b301598123896d8b6083287a9b8a8/1790022225832/aa4810b0-9c3e-41f9-a9d5-f910e11143e7	507c81b9125755ac405292f68c1b12e5fdbfd3f4	tools/equivalence/known_globals.json	60d7fc2af853ee9ce04dcd3611c117b57ee36bf7
refs/codex/turn-diffs/checkpoints/0da110634a5971461bdb82684e22775c/3f6b301598123896d8b6083287a9b8a8/1790022225832/aa4810b0-9c3e-41f9-a9d5-f910e11143e7	507c81b9125755ac405292f68c1b12e5fdbfd3f4	tools/equivalence/regression_snapshots/evaluate_game_complexity.json	31dccab3ae06944e3d5329e37457155640a7a937
refs/codex/turn-diffs/checkpoints/0da110634a5971461bdb82684e22775c/3f6b301598123896d8b6083287a9b8a8/1790022225832/aa4810b0-9c3e-41f9-a9d5-f910e11143e7	507c81b9125755ac405292f68c1b12e5fdbfd3f4	tools/equivalence/regression_snapshots/player_count.json	4d9c5c13c0f36487eb0d9da3d34241f2d9e9ad8c
refs/codex/turn-diffs/checkpoints/4734bad782a56c4e04d262d42a80d538/8dfc8ffefe89e8342248246ac512ab43/1790164409628/904cb6f4-2559-4db3-aac0-b324fd04b518	e0bf63f535ea466a343ba6376a06d72736de6df8	tools/equivalence/known_globals.json	60d7fc2af853ee9ce04dcd3611c117b57ee36bf7
refs/codex/turn-diffs/checkpoints/4734bad782a56c4e04d262d42a80d538/8dfc8ffefe89e8342248246ac512ab43/1790164409628/904cb6f4-2559-4db3-aac0-b324fd04b518	e0bf63f535ea466a343ba6376a06d72736de6df8	tools/equivalence/regression_snapshots/evaluate_game_complexity.json	31dccab3ae06944e3d5329e37457155640a7a937
refs/codex/turn-diffs/checkpoints/4734bad782a56c4e04d262d42a80d538/8dfc8ffefe89e8342248246ac512ab43/1790164409628/904cb6f4-2559-4db3-aac0-b324fd04b518	e0bf63f535ea466a343ba6376a06d72736de6df8	tools/equivalence/regression_snapshots/player_count.json	4d9c5c13c0f36487eb0d9da3d34241f2d9e9ad8c
refs/codex/turn-diffs/checkpoints/4e671dd56fc1d46ebfed525d2a7877ea/6732411ae5bdef919647186d8bb0c0d7/1790072470733/a800d0c3-901e-4325-9ce6-39edf0ab8dec	24d68bd4a75ce52c2dc8e28f19bec95ca8b732de	tools/equivalence/known_globals.json	60d7fc2af853ee9ce04dcd3611c117b57ee36bf7
refs/codex/turn-diffs/checkpoints/4e671dd56fc1d46ebfed525d2a7877ea/6732411ae5bdef919647186d8bb0c0d7/1790072470733/a800d0c3-901e-4325-9ce6-39edf0ab8dec	24d68bd4a75ce52c2dc8e28f19bec95ca8b732de	tools/equivalence/regression_snapshots/evaluate_game_complexity.json	31dccab3ae06944e3d5329e37457155640a7a937
refs/codex/turn-diffs/checkpoints/4e671dd56fc1d46ebfed525d2a7877ea/6732411ae5bdef919647186d8bb0c0d7/1790072470733/a800d0c3-901e-4325-9ce6-39edf0ab8dec	24d68bd4a75ce52c2dc8e28f19bec95ca8b732de	tools/equivalence/regression_snapshots/player_count.json	4d9c5c13c0f36487eb0d9da3d34241f2d9e9ad8c
refs/codex/turn-diffs/checkpoints/5886082cbaede73be137dab9947b965a/29be9e6b6b35f395278e3d4041c02028/1790164160686/ceb7ff72-b96b-41a3-b4f8-5aa44292c20d	c74c527339718b4c47daa11066f1f08a63d04009	tools/equivalence/known_globals.json	60d7fc2af853ee9ce04dcd3611c117b57ee36bf7
refs/codex/turn-diffs/checkpoints/5886082cbaede73be137dab9947b965a/29be9e6b6b35f395278e3d4041c02028/1790164160686/ceb7ff72-b96b-41a3-b4f8-5aa44292c20d	c74c527339718b4c47daa11066f1f08a63d04009	tools/equivalence/regression_snapshots/evaluate_game_complexity.json	31dccab3ae06944e3d5329e37457155640a7a937
refs/codex/turn-diffs/checkpoints/5886082cbaede73be137dab9947b965a/29be9e6b6b35f395278e3d4041c02028/1790164160686/ceb7ff72-b96b-41a3-b4f8-5aa44292c20d	c74c527339718b4c47daa11066f1f08a63d04009	tools/equivalence/regression_snapshots/player_count.json	4d9c5c13c0f36487eb0d9da3d34241f2d9e9ad8c
refs/codex/turn-diffs/checkpoints/5d4324f9c5a60994ece7909098786f79/55fe3808f6ab73ddf8dd352b402b77bc/1790085855106/bc243eda-a733-48b6-b1f4-bce7e6bb17d2	0784e821c97f130576f492bf47600a40b81896b5	tools/equivalence/known_globals.json	60d7fc2af853ee9ce04dcd3611c117b57ee36bf7
refs/codex/turn-diffs/checkpoints/5d4324f9c5a60994ece7909098786f79/55fe3808f6ab73ddf8dd352b402b77bc/1790085855106/bc243eda-a733-48b6-b1f4-bce7e6bb17d2	0784e821c97f130576f492bf47600a40b81896b5	tools/equivalence/regression_snapshots/evaluate_game_complexity.json	31dccab3ae06944e3d5329e37457155640a7a937
refs/codex/turn-diffs/checkpoints/5d4324f9c5a60994ece7909098786f79/55fe3808f6ab73ddf8dd352b402b77bc/1790085855106/bc243eda-a733-48b6-b1f4-bce7e6bb17d2	0784e821c97f130576f492bf47600a40b81896b5	tools/equivalence/regression_snapshots/player_count.json	4d9c5c13c0f36487eb0d9da3d34241f2d9e9ad8c
refs/codex/turn-diffs/checkpoints/72a2ba0db16c93c1299764e10cdd7cff/a802df88e1fbd3ae799860c15a2bbbcc/1790071343830/3c8afffa-e423-4517-be5c-66af1ab8e9b9	95f4f1c8a2dcff904506192a204f90794533e309	tools/equivalence/known_globals.json	60d7fc2af853ee9ce04dcd3611c117b57ee36bf7
refs/codex/turn-diffs/checkpoints/72a2ba0db16c93c1299764e10cdd7cff/a802df88e1fbd3ae799860c15a2bbbcc/1790071343830/3c8afffa-e423-4517-be5c-66af1ab8e9b9	95f4f1c8a2dcff904506192a204f90794533e309	tools/equivalence/regression_snapshots/evaluate_game_complexity.json	31dccab3ae06944e3d5329e37457155640a7a937
refs/codex/turn-diffs/checkpoints/72a2ba0db16c93c1299764e10cdd7cff/a802df88e1fbd3ae799860c15a2bbbcc/1790071343830/3c8afffa-e423-4517-be5c-66af1ab8e9b9	95f4f1c8a2dcff904506192a204f90794533e309	tools/equivalence/regression_snapshots/player_count.json	4d9c5c13c0f36487eb0d9da3d34241f2d9e9ad8c
refs/codex/turn-diffs/checkpoints/7a29185ed5a41505391816d10e4055f3/3ebb02eaa565907a58ea85c35d59bd5f/1790109539547/a6a2e089-cbcf-4e6c-97ff-1869318d3fa6	5b954b2b33759d539aedf73260ba4668e5d97b5f	tools/equivalence/known_globals.json	60d7fc2af853ee9ce04dcd3611c117b57ee36bf7
refs/codex/turn-diffs/checkpoints/7a29185ed5a41505391816d10e4055f3/3ebb02eaa565907a58ea85c35d59bd5f/1790109539547/a6a2e089-cbcf-4e6c-97ff-1869318d3fa6	5b954b2b33759d539aedf73260ba4668e5d97b5f	tools/equivalence/regression_snapshots/evaluate_game_complexity.json	31dccab3ae06944e3d5329e37457155640a7a937
refs/codex/turn-diffs/checkpoints/7a29185ed5a41505391816d10e4055f3/3ebb02eaa565907a58ea85c35d59bd5f/1790109539547/a6a2e089-cbcf-4e6c-97ff-1869318d3fa6	5b954b2b33759d539aedf73260ba4668e5d97b5f	tools/equivalence/regression_snapshots/player_count.json	4d9c5c13c0f36487eb0d9da3d34241f2d9e9ad8c
refs/codex/turn-diffs/checkpoints/a467d34dc774a25b4d651d1b7552288f/714df583410e5b88d2569686316b1c29/1790517273026/a40ab195-2f3b-42ff-8665-c94fdd35078c	d84bca55f7e81fbd6a8f86afd4db5419f7c262d2	tools/equivalence/known_globals.json	60d7fc2af853ee9ce04dcd3611c117b57ee36bf7
refs/codex/turn-diffs/checkpoints/a467d34dc774a25b4d651d1b7552288f/714df583410e5b88d2569686316b1c29/1790517273026/a40ab195-2f3b-42ff-8665-c94fdd35078c	d84bca55f7e81fbd6a8f86afd4db5419f7c262d2	tools/equivalence/regression_snapshots/evaluate_game_complexity.json	31dccab3ae06944e3d5329e37457155640a7a937
refs/codex/turn-diffs/checkpoints/a467d34dc774a25b4d651d1b7552288f/714df583410e5b88d2569686316b1c29/1790517273026/a40ab195-2f3b-42ff-8665-c94fdd35078c	d84bca55f7e81fbd6a8f86afd4db5419f7c262d2	tools/equivalence/regression_snapshots/player_count.json	4d9c5c13c0f36487eb0d9da3d34241f2d9e9ad8c
refs/codex/turn-diffs/checkpoints/b2c144634f4a298617fb3481b08dd597/261bc7d3172bf02af8da3641f3c1331a/1790070209352/bd894ecb-5929-40e0-9ca4-a4bacca909ba	ced40d669d7b15d99b8988c8ceac924684163b00	tools/equivalence/known_globals.json	60d7fc2af853ee9ce04dcd3611c117b57ee36bf7
refs/codex/turn-diffs/checkpoints/b2c144634f4a298617fb3481b08dd597/261bc7d3172bf02af8da3641f3c1331a/1790070209352/bd894ecb-5929-40e0-9ca4-a4bacca909ba	ced40d669d7b15d99b8988c8ceac924684163b00	tools/equivalence/regression_snapshots/evaluate_game_complexity.json	31dccab3ae06944e3d5329e37457155640a7a937
refs/codex/turn-diffs/checkpoints/b2c144634f4a298617fb3481b08dd597/261bc7d3172bf02af8da3641f3c1331a/1790070209352/bd894ecb-5929-40e0-9ca4-a4bacca909ba	ced40d669d7b15d99b8988c8ceac924684163b00	tools/equivalence/regression_snapshots/player_count.json	4d9c5c13c0f36487eb0d9da3d34241f2d9e9ad8c
refs/codex/turn-diffs/checkpoints/d2efd9fc88a5e0ed6fb3566634049683/2eabfd1dddbfe65e06bc1ef0dfcd5a64/1790188814747/16216180-9f1c-4a1a-9c66-15c3c6aa77b4	bb08fecc3d3a66d22870ac9996de5271ddcb74fa	tools/equivalence/known_globals.json	60d7fc2af853ee9ce04dcd3611c117b57ee36bf7
refs/codex/turn-diffs/checkpoints/d2efd9fc88a5e0ed6fb3566634049683/2eabfd1dddbfe65e06bc1ef0dfcd5a64/1790188814747/16216180-9f1c-4a1a-9c66-15c3c6aa77b4	bb08fecc3d3a66d22870ac9996de5271ddcb74fa	tools/equivalence/regression_snapshots/evaluate_game_complexity.json	31dccab3ae06944e3d5329e37457155640a7a937
refs/codex/turn-diffs/checkpoints/d2efd9fc88a5e0ed6fb3566634049683/2eabfd1dddbfe65e06bc1ef0dfcd5a64/1790188814747/16216180-9f1c-4a1a-9c66-15c3c6aa77b4	bb08fecc3d3a66d22870ac9996de5271ddcb74fa	tools/equivalence/regression_snapshots/player_count.json	4d9c5c13c0f36487eb0d9da3d34241f2d9e9ad8c
refs/codex/turn-diffs/checkpoints/d51e615cc1d824269fdad2622c3f4729/e86b850f109c7924cfa92bc08e28a6d1/1790062676319/7194be04-7de6-4690-845b-de67aa22e9eb	ee9af7de72588c9053265f352e61fe0541c59dbc	tools/equivalence/known_globals.json	60d7fc2af853ee9ce04dcd3611c117b57ee36bf7
refs/codex/turn-diffs/checkpoints/d51e615cc1d824269fdad2622c3f4729/e86b850f109c7924cfa92bc08e28a6d1/1790062676319/7194be04-7de6-4690-845b-de67aa22e9eb	ee9af7de72588c9053265f352e61fe0541c59dbc	tools/equivalence/regression_snapshots/evaluate_game_complexity.json	31dccab3ae06944e3d5329e37457155640a7a937
refs/codex/turn-diffs/checkpoints/d51e615cc1d824269fdad2622c3f4729/e86b850f109c7924cfa92bc08e28a6d1/1790062676319/7194be04-7de6-4690-845b-de67aa22e9eb	ee9af7de72588c9053265f352e61fe0541c59dbc	tools/equivalence/regression_snapshots/player_count.json	4d9c5c13c0f36487eb0d9da3d34241f2d9e9ad8c
refs/codex/turn-diffs/checkpoints/d585ead652b8b41169c709b2ea68dbaa/91575fc66ef09857f02834ee042fcd98/1790209063220/99568ecb-d436-4089-863b-7804f7e45083	6c750a99f506fb86948b42b348a9b24a02c701ec	tools/equivalence/known_globals.json	60d7fc2af853ee9ce04dcd3611c117b57ee36bf7
refs/codex/turn-diffs/checkpoints/d585ead652b8b41169c709b2ea68dbaa/91575fc66ef09857f02834ee042fcd98/1790209063220/99568ecb-d436-4089-863b-7804f7e45083	6c750a99f506fb86948b42b348a9b24a02c701ec	tools/equivalence/regression_snapshots/evaluate_game_complexity.json	31dccab3ae06944e3d5329e37457155640a7a937
refs/codex/turn-diffs/checkpoints/d585ead652b8b41169c709b2ea68dbaa/91575fc66ef09857f02834ee042fcd98/1790209063220/99568ecb-d436-4089-863b-7804f7e45083	6c750a99f506fb86948b42b348a9b24a02c701ec	tools/equivalence/regression_snapshots/player_count.json	4d9c5c13c0f36487eb0d9da3d34241f2d9e9ad8c
refs/codex/turn-diffs/checkpoints/e0a6359afbda0a522d45ed1a3cd817f7/501695ad414eaeafb831c3121717d2bd/1790106726414/4104aa74-b31f-4c4b-aea3-74e59adb1001	3981ec927383e9c612d0ce90a737e09025bed7b9	tools/equivalence/known_globals.json	60d7fc2af853ee9ce04dcd3611c117b57ee36bf7
refs/codex/turn-diffs/checkpoints/e0a6359afbda0a522d45ed1a3cd817f7/501695ad414eaeafb831c3121717d2bd/1790106726414/4104aa74-b31f-4c4b-aea3-74e59adb1001	3981ec927383e9c612d0ce90a737e09025bed7b9	tools/equivalence/regression_snapshots/evaluate_game_complexity.json	31dccab3ae06944e3d5329e37457155640a7a937
refs/codex/turn-diffs/checkpoints/e0a6359afbda0a522d45ed1a3cd817f7/501695ad414eaeafb831c3121717d2bd/1790106726414/4104aa74-b31f-4c4b-aea3-74e59adb1001	3981ec927383e9c612d0ce90a737e09025bed7b9	tools/equivalence/regression_snapshots/player_count.json	4d9c5c13c0f36487eb0d9da3d34241f2d9e9ad8c
