path	line	review_priority	historical_claim
src/common.h	97	NAME/LAYOUT LEAD	* The member SPELLINGS are borrowed from halocea's player_powerup.h
src/common.h	98	NAME/LAYOUT LEAD	* (name_source: halocea, T2 — DB-verified there via types_enum_values
src/halo/ai/actions.c	130	NAME/LAYOUT LEAD	float radius_a, float radius_b, /* name: PAL 2342 action_vehicle.c:1039 */
src/halo/ai/actions.c	271	PRIORITY CONTROL-FLOW/LAYOUT REVIEW	/* shape: PAL 2342 source/ai/action_wait.c:57-115 (structured, single
src/halo/ai/actions.c	871	NAME/LAYOUT LEAD	short berserk_type; /* name: PAL 2342 actions.c:1538 */
src/halo/ai/actions.c	944	NAME/LAYOUT LEAD	short berserk_type; /* name: PAL 2342 actions.c:1558 */
src/halo/ai/actions.c	1033	NAME/LAYOUT LEAD	char want_exit; /* name: PAL 2342 actions.c:4459 */
src/halo/ai/actions.c	1034	NAME/LAYOUT LEAD	char forced_exit; /* name: PAL 2342 actions.c:4460 */
src/halo/ai/actions.c	1158	NAME/LAYOUT LEAD	} /* name: PAL 2342 actions.c:1748 */
src/halo/ai/actions.c	1974	NAME/LAYOUT LEAD	char result; /* name: PAL 2342 actions.c:1845 */
src/halo/ai/actions.c	2215	NAME/LAYOUT LEAD	int iter[2]; /* name: PAL 2342 actions.c:4094 */
src/halo/ai/actions.c	3694	NAME/LAYOUT LEAD	int desired_actor_count; /* name: PAL 2342 actions.c:2174 */
src/halo/ai/actor_looking.c	634	NAME/LAYOUT LEAD	/* local names: PAL 2342 source/ai/action_fight.c:126-309 */
src/halo/ai/actor_moving.c	800	NAME/LAYOUT LEAD	* Grounded against PAL source (source/ai/actor_moving.c:827).
src/halo/ai/actor_perception.c	628	NAME/LAYOUT LEAD	/* prop->state: PAL 2342 source/ai/actor_perception.c:3314 */
src/halo/ai/actor_perception.c	650	NAME/LAYOUT LEAD	/* prop->state: PAL 2342 source/ai/actor_perception.c:3344 */
src/halo/ai/actor_perception.c	680	NAME/LAYOUT LEAD	} weights; /* name: PAL 2342 source/ai/actor_perception.c:2173 */
src/halo/ai/actor_perception.c	693	PRIORITY CONTROL-FLOW/LAYOUT REVIEW	/* (single combined filter, as in PAL 2342; the shared 0.0f return is
src/halo/ai/actor_perception.c	726	NAME/LAYOUT LEAD	/* melee_leap_velocity: PAL 2342
src/halo/ai/actor_perception.c	744	NAME/LAYOUT LEAD	/* minimum_target_range: PAL 2342 source/ai/actor_perception.c:2249 */
src/halo/ai/actor_perception.c	758	NAME/LAYOUT LEAD	/* maximum_firing_range: PAL 2342 source/ai/actor_perception.c:2273 */
src/halo/ai/actor_perception.c	812	NAME/LAYOUT LEAD	/* combat_status: PAL 2342 source/ai/actor_perception.c:2345 */
src/halo/ai/actor_perception.c	1474	NAME/LAYOUT LEAD	/* prop->state: PAL 2342 source/ai/actor_perception.c:6187 */
src/halo/ai/actor_perception.c	1591	NAME/LAYOUT LEAD	/* name: PAL 2342 source/ai/actor_perception.c:2845 */
src/halo/ai/actor_perception.c	1594	NAME/LAYOUT LEAD	targets[16 * 0x1c]; /* name: PAL 2342 source/ai/actor_perception.c:2848 */
src/halo/ai/actor_perception.c	1597	NAME/LAYOUT LEAD	short target_count; /* name: PAL 2342 source/ai/actor_perception.c:2850 */
src/halo/ai/actor_perception.c	1598	NAME/LAYOUT LEAD	char *definition; /* name: PAL 2342 source/ai/actor_perception.c:2853 */
src/halo/ai/actor_perception.c	1600	NAME/LAYOUT LEAD	short target_index; /* name: PAL 2342 source/ai/actor_perception.c:2851 */
src/halo/ai/actor_perception.c	3028	NAME/LAYOUT LEAD	/* actor index != NONE: PAL 2342 source/ai/actor_perception.c:3466 */
src/halo/ai/actors.c	1015	NAME/LAYOUT LEAD	short danger_type; /* name: PAL 2342 actor_stimulus.c:397 */
src/halo/ai/actors.c	1255	NAME/LAYOUT LEAD	float shield_fraction; /* name: PAL 2342 actor_type_elite.c */
src/halo/ai/actors.c	1889	NAME/LAYOUT LEAD	short panic_type; /* name: PAL 2342 actor_type_grunt.c */
src/halo/ai/ai_communication.c	38	NAME/LAYOUT LEAD	* Names are T2 (PAL 2342 source of this same TU, source/ai/ai_communication.c);
src/halo/ai/ai_communication.c	129	NAME/LAYOUT LEAD	* ai_conversation_find_participant (0x447d0); names are T2 CEA/PAL context.
src/halo/ai/ai_communication.c	1520	NAME/LAYOUT LEAD	int speaking_unit_index; /* name: PAL 2342 source/ai/ai_communication.c:5479 */
src/halo/ai/ai_communication.c	2077	NAME/LAYOUT LEAD	* Inferred: names follow the PAL 2342 source of the same TU (T2). */
src/halo/ai/ai_communication.c	4337	NAME/LAYOUT LEAD	* Names are T2 (PAL 2342 source/ai/ai_communication.c); every offset and
src/halo/ai/ai_communication.c	4423	NAME/LAYOUT LEAD	*     actor_look_secondary(actor, 9, ...), both unlike PAL 2342;
src/halo/ai/ai_communication.c	4425	NAME/LAYOUT LEAD	*     target is really alive (PAL 2342 has the negation).
src/halo/ai/ai_communication.c	4651	NAME/LAYOUT LEAD	/* PAL 2342 calls this game_team_is_enemy. */
src/halo/ai/ai_communication.c	4680	NAME/LAYOUT LEAD	* +0x27c target_really_alive, +0x6e combat_status (PAL names) */
src/halo/ai/ai_communication.c	4788	NAME/LAYOUT LEAD	* csmemset above (PAL 2342 flags the same bug). */
src/halo/ai/ai_communication.c	5054	NAME/LAYOUT LEAD	* +0xa0 obey allow_communication (PAL names) */
src/halo/ai/ai_debug.c	3676	NAME/LAYOUT LEAD	* Name: PAL 2342 ai/ai_profile.c ai_profile_sample_actors returns
src/halo/ai/ai_debug.c	3732	NAME/LAYOUT LEAD	* Name: PAL 2342 ai/ai_profile.c ai_profile_sample_props returns
src/halo/ai/ai_debug.c	3744	NAME/LAYOUT LEAD	* Name: PAL 2342 ai/ai_profile.c ai_profile_sample_swarms returns
src/halo/ai/ai_debug.c	3800	NAME/LAYOUT LEAD	* Name: PAL 2342 ai/ai_profile.c ai_profile_sample_swarm_components returns
src/halo/ai/ai_profile.c	24	NAME/LAYOUT LEAD	*  3. The punpckhdq debug-PDB corpus contains the matching symbol set
src/halo/ai/ai_profile.c	110	NAME/LAYOUT LEAD	"* ""sub"" is a squad or a platoon. Naming here follows the binary (the PDB"
src/halo/ai/ai_profile.c	609	NAME/LAYOUT LEAD	* ai_profile_change_render_spray, which is a real PDB symbol but belongs to the
src/halo/ai/encounters.c	6382	NAME/LAYOUT LEAD	* tag_get | EAX=[pal+0xc] ; 'actv' | match 0x5c4a8 ai_get_major_upgrade_chance
src/halo/ai/encounters.c	6387	NAME/LAYOUT LEAD	* ECX=[pal+0xc] | match 0x5c500 error | EDI ; EDX=[EBP-0x14] ; 0x25dc18 ; 2 |
src/halo/ai/props.c	122	NAME/LAYOUT LEAD	* Name: CEA PDB line containment; TU from props.c __FILE__ asserts (0xe8,
src/halo/ai/props.c	675	NAME/LAYOUT LEAD	* PAL 2342 source/ai/props.c `static void prop_setup_orphan(actor_index,
src/halo/bink/bink.c	3	NAME/LAYOUT LEAD	* 2342 reconstruction are in PAL-2342 libs/binkxbox/binkread.c; each body here
src/halo/bink/bink.c	4	NAME/LAYOUT LEAD	* is re-derived from the 2276 disassembly and differs from PAL where 2276 does.
src/halo/bink/bink.c	106	NAME/LAYOUT LEAD	/* Surface types (flags & 0xf) follow the conv_strs order in PAL binkxbox.c:
src/halo/bitmaps/bitmaps.c	658	NAME/LAYOUT LEAD	int pixel_offset; /* name: PAL 2342 source/bitmaps/bitmaps.c:654 */
src/halo/bitmaps/bitmaps.c	732	NAME/LAYOUT LEAD	int pixel_offset; /* name: PAL 2342 source/bitmaps/bitmaps.c:688 */
src/halo/bitmaps/bitmaps.c	809	NAME/LAYOUT LEAD	int pixel_offset; /* name: PAL 2342 source/bitmaps/bitmaps.c:726 */
src/halo/bitmaps/bitmaps.c	939	NAME/LAYOUT LEAD	/* r5g6b5: PAL 2342 bitmaps.c expression form */
src/halo/bitmaps/bitmaps.c	947	NAME/LAYOUT LEAD	/* a1r5g5b5: PAL 2342 bitmaps.c expression form */
src/halo/bitmaps/bitmaps.c	1330	NAME/LAYOUT LEAD	int pixel_count; /* name: PAL 2342 source/bitmaps/bitmaps.c:1050 */
src/halo/bitmaps/libtiff/tif_dirwrite.c	10	NAME/LAYOUT LEAD	* (0x25fefc), and every function's size and order match the PAL build 2342
src/halo/bitmaps/libtiff/tif_dirwrite.c	11	NAME/LAYOUT LEAD	* reconstruction (halo-pal-2342 source/bitmaps/libtiff/tif_dirwrite.c), which
src/halo/bitmaps/libtiff/tif_write.c	13	NAME/LAYOUT LEAD	* and every function's size and order match the PAL build 2342
src/halo/bitmaps/libtiff/tif_write.c	14	NAME/LAYOUT LEAD	* reconstruction (halo-pal-2342 source/bitmaps/libtiff/tif_write.c). As in
src/halo/bitmaps/libtiff/tif_write.c	15	NAME/LAYOUT LEAD	* PAL, the file-static helpers are emitted first (0x6f9f0-0x6fe0f), then
src/halo/bitmaps/libtiff/tif_write.c	2629	NAME/LAYOUT LEAD	/* names: PAL 2342 bitmaps/bitmap_extract.c:759-862 */
src/halo/bungie_net/network/transport_endpoint_set_winsock.c	2810	NAME/LAYOUT LEAD	/* Receive a UDP datagram and return the sender's address. The PAL 2342
src/halo/bungie_net/network/transport_endpoint_set_winsock.c	2906	NAME/LAYOUT LEAD	/* Send a UDP datagram to dest_addr. The PAL 2342 reference names this
src/halo/bungie_net/thread_win32.c	56	NAME/LAYOUT LEAD	* (`randomprime(0xffff)` in PAL) multiplied together plus 2
src/halo/bungie_net/thread_win32.c	65	NAME/LAYOUT LEAD	* PAL names this function generate_key_parameters and its two helpers
src/halo/cache/tags.c	916	NAME/LAYOUT LEAD	/* 0x1bab60 — get_write_buffer_size (kb name, PDB line-containment
src/halo/camera/director.c	288	NAME/LAYOUT LEAD	* (the command pointer), which is also present in PAL 2342. */
src/halo/camera/director.c	681	NAME/LAYOUT LEAD	* 2276, like PAL 2342, tests the HEIGHT definition's has_hyper_scale byte
src/halo/camera/director.c	827	PRIORITY CONTROL-FLOW/LAYOUT REVIEW	* Name and shape from PAL 2342 source/camera/director.c (T2); the 2276 body
src/halo/camera/observer.c	231	NAME/LAYOUT LEAD	* 0x899c8 / 0x899cf), i.e. in-place parameter updates.  Body matches PAL 2342
src/halo/camera/observer.c	809	NAME/LAYOUT LEAD	/* PAL 2342 observer_up_from_forward; the cross product is the inlined
src/halo/cseries/profile.c	853	NAME/LAYOUT LEAD	* auto-lift-assigned name, not source/PDB evidence. */
src/halo/cutscene/recorded_animations.c	1271	NAME/LAYOUT LEAD	*   0x324428, slot +0x18 (initialize_for_new_map); name from PAL 2342
src/halo/cutscene/recorded_animations.c	1281	NAME/LAYOUT LEAD	*   0x324428, slot +0x1c (dispose_from_old_map); name from PAL 2342 (T2). */
src/halo/cutscene/recorded_animations.c	1484	NAME/LAYOUT LEAD	*   table at 0x3244c8, slot +0x18 (initialize_for_new_map); name from PAL
src/halo/cutscene/recorded_animations.c	1494	NAME/LAYOUT LEAD	*   table at 0x3244c8, slot +0x1c (dispose_from_old_map); name from PAL 2342
src/halo/cutscene/recorded_animations.c	1554	NAME/LAYOUT LEAD	*   0x324388, slot +0x18 (initialize_for_new_map); name from PAL 2342
src/halo/cutscene/recorded_animations.c	1564	NAME/LAYOUT LEAD	*   0x324388, slot +0x1c (dispose_from_old_map); name from PAL 2342 (T2). */
src/halo/cutscene/recorded_animations.c	1659	NAME/LAYOUT LEAD	*   0x324388, slot +0x30 (datum update; abs ref at 0x3243b8). Name from PAL
src/halo/cutscene/recorded_animations.c	1661	NAME/LAYOUT LEAD	*   PAL control flow block for block.
src/halo/cutscene/recorded_animations.c	1677	NAME/LAYOUT LEAD	*   opening (PAL names: object function2 active / cannot open doors
src/halo/cutscene/recorded_animations.c	1682	NAME/LAYOUT LEAD	*   the one-sided facing test (PAL: game_team_is_enemy(_game_team_player,..)).
src/halo/devices/devices.c	4	NAME/LAYOUT LEAD	* bytes) and asserts the pool pointer.  Name from PAL-2342 devices.c (T2);
src/halo/devices/devices.c	16	NAME/LAYOUT LEAD	* Invalidates the device-group pool on map unload.  Name from PAL-2342 (T2);
src/halo/devices/devices.c	815	NAME/LAYOUT LEAD	* initial device groups.  Name from PAL-2342 devices.c (T2), whose body is
src/halo/effects/decals.c	1278	NAME/LAYOUT LEAD	/* Original (PAL 2342 source): wrap into neighbours when the surface bends
src/halo/effects/decals.c	2678	NAME/LAYOUT LEAD	* 0x196225), as PAL 2342 structure_render_shadow passes
src/halo/effects/decals.c	2680	NAME/LAYOUT LEAD	* PAL's (draw before end, three slots for PAL's four), so the name rests on
src/halo/effects/decals.c	2696	NAME/LAYOUT LEAD	* closes each object shadow with it, as PAL 2342 render_object_shadow_end
src/halo/effects/effects.c	159	NAME/LAYOUT LEAD	*   PAL 2342 scenario.c scenario_structure_bsp_disconnect_proc_table is
src/halo/effects/particle_systems.c	1359	NAME/LAYOUT LEAD	* 0 = xy spread, 1 = z spread, 2 = intensity (PAL 2342 names). */
src/halo/effects/particles.c	177	NAME/LAYOUT LEAD	*   PAL 2342 scenario.c scenario_structure_bsp_disconnect_proc_table is
src/halo/interface/event_manager.c	12	NAME/LAYOUT LEAD	* Name: PAL 2342 hud_weapon.c `hud_update_weapon_local_player`; the three
src/halo/interface/event_manager.c	14	NAME/LAYOUT LEAD	"* line numbers PAL uses for the two `!""unreachable""` defaults and the"
src/halo/interface/event_manager.c	44	NAME/LAYOUT LEAD	*     unit+0x1b8 bit 0x800 (shared block 0xd9d19) — unlike PAL, which uses
src/halo/interface/event_manager.c	52	NAME/LAYOUT LEAD	* Uncertain: the meaning of weapon_state's byte fields beyond the PAL hint. */
src/halo/interface/event_manager.c	318	NAME/LAYOUT LEAD	* Name/TU: PAL 2342 hud_weapon.c `render_weapon_hud`; the stack-buffer check
src/halo/interface/event_manager.c	319	PRIORITY CONTROL-FLOW/LAYOUT REVIEW	* asserts at hud_weapon.c line 0x308 as in PAL. Body from the 2276
src/halo/interface/event_manager.c	332	PRIORITY CONTROL-FLOW/LAYOUT REVIEW	* each. As in PAL, the second magazine's overlay flags are folded into
src/halo/interface/first_person_weapons.c	53	NAME/LAYOUT LEAD	* `mov eax, imm`, the default `or eax, -1`; PAL-2342 declares it long), and
src/halo/interface/first_person_weapons.c	448	NAME/LAYOUT LEAD	} model_effect; /* name: PAL 2342 first_person_weapons.c:496 */
src/halo/interface/first_person_weapons.c	454	NAME/LAYOUT LEAD	char *first_person_interface; /* name: PAL 2342 first_person_weapons.c:497 */
src/halo/interface/first_person_weapons.c	1532	NAME/LAYOUT LEAD	int triggered_sound_index; /* name: PAL 2342 first_person_weapons.c:1673 */
src/halo/interface/first_person_weapons.c	1534	NAME/LAYOUT LEAD	float turning_i; /* name: PAL 2342 first_person_weapons.c:1828 */
src/halo/interface/first_person_weapons.c	1535	NAME/LAYOUT LEAD	float turning_j; /* name: PAL 2342 first_person_weapons.c:1831 */
src/halo/interface/player_ui.c	99	NAME/LAYOUT LEAD	* Name/signature: PAL 2342 interface/player_ui.h declares
src/halo/interface/player_ui.c	519	NAME/LAYOUT LEAD	* sets it; PAL 2342 names it _saved_game_file_index_read_only_bit (T2), and
src/halo/interface/player_ui.c	524	NAME/LAYOUT LEAD	/* 0xe0d80 -- player_ui_edit_profile_is_default_profile (PAL 2342 body, T2).
src/halo/interface/player_ui.c	699	NAME/LAYOUT LEAD	/* 0xe0ee0 -- player_ui_edit_profile_is_dirty (PAL 2342 body, T2).
src/halo/interface/player_ui.c	871	NAME/LAYOUT LEAD	* What the setting selects is unknown -- no string, assert or PDB evidence
src/halo/interface/player_ui.c	891	NAME/LAYOUT LEAD	* Names and member order are PAL 2342 (input/input.h, saved games/
src/halo/interface/player_ui.c	968	NAME/LAYOUT LEAD	/* 0xe10c0 -- set_local_player_controls_from_player_profile (PAL 2342 name and
src/halo/interface/player_ui.c	969	NAME/LAYOUT LEAD	* body, T2; the 2276 assert sits at line 0x392, PAL has 0x396).
src/halo/interface/player_ui.c	1277	NAME/LAYOUT LEAD	/* 0xe1500 -- player_ui_begin_editing_profile (PAL 2342 name and body, T2).
src/halo/interface/player_ui.c	1283	NAME/LAYOUT LEAD	*     behaves as PAL player_profile_get) into player_ui_globals + 0x1c4
src/halo/interface/player_ui.c	1287	NAME/LAYOUT LEAD	*     behaves as PAL playlist_profile_get) into the same buffer, then the
src/halo/interface/player_ui.c	1325	NAME/LAYOUT LEAD	/* 0xe15b0 -- player_ui_save_profile (PAL 2342 body, T2).
src/halo/interface/player_ui.c	1328	NAME/LAYOUT LEAD	* disk, then clears the edit index to -1 on every path (the inlined PAL
src/halo/interface/player_ui.c	1332	NAME/LAYOUT LEAD	*     dirty, then CALL 0x1c1bc0 (kb player_profile_get_from_path; PAL
src/halo/interface/player_ui.c	1339	NAME/LAYOUT LEAD	*     0x1c27f0 (kb playlist_profile_get_display_name; PAL
src/halo/interface/ui_widget.c	233	NAME/LAYOUT LEAD	bool inhibit) /* name: PAL 2342 ui_widget.c:1624 */
src/halo/interface/ui_widget.c	264	NAME/LAYOUT LEAD	* param_6 (EBP+0x1c) is never read in 2276 (PAL 2342 names it
src/halo/interface/ui_widget.c	725	NAME/LAYOUT LEAD	/* noinline: main_menu_initialize (0xea090) CALLs this at 0xea0bc; in PAL it
src/halo/interface/ui_widget.c	895	NAME/LAYOUT LEAD	* inlines the same walk. PAL 2342: static __inline. */
src/halo/interface/ui_widget.c	1184	NAME/LAYOUT LEAD	* (PAL 2342 names the parameter `string`). Each '%' is found with wcschr
src/halo/interface/ui_widget.c	1370	PRIORITY CONTROL-FLOW/LAYOUT REVIEW	* spinner list. Names/shape follow PAL 2342 (T2); control flow re-checked
src/halo/interface/ui_widget.c	1541	NAME/LAYOUT LEAD	* focused child. Names follow PAL 2342 (T2). */
src/halo/interface/ui_widget.c	2102	NAME/LAYOUT LEAD	* PAL 2342 supplies the T2 semantic names; offsets and branches are verified
src/halo/interface/ui_widget.c	2612	NAME/LAYOUT LEAD	* current item text.  PAL 2342 ui_widget.c:4994 (names T2); layout evidence is
src/halo/interface/ui_widget.c	2630	PRIORITY CONTROL-FLOW/LAYOUT REVIEW	*    arms, as in PAL.  Flashing-text flag 0x4 pulses the alpha with
src/halo/interface/ui_widget.c	2842	NAME/LAYOUT LEAD	* follow PAL 2342 (T2). */
src/halo/interface/ui_widget.c	2934	NAME/LAYOUT LEAD	* tab direction (+0x3e) to +15 on success. Names follow PAL 2342 (T2). */
src/halo/interface/ui_widget.c	3164	PRIORITY CONTROL-FLOW/LAYOUT REVIEW	* shape follow PAL 2342 (T2). Differences from PAL observed in the 2276
src/halo/interface/ui_widget.c	3241	NAME/LAYOUT LEAD	/* PAL widget_instance_find_by_tag_index, inlined in the binary */
src/halo/interface/ui_widget.c	3414	NAME/LAYOUT LEAD	* the PAL 2342 source (T2); layout evidence is the 2276 disassembly.
src/halo/interface/ui_widget.c	3428	NAME/LAYOUT LEAD	*    PAL: alpha, red, green, blue) are set to {0, 0.05, 0.05, 0.05} and then
src/halo/interface/ui_widget.c	3805	NAME/LAYOUT LEAD	* offsets and definition offsets below are from the 2276 disassembly. PAL 2342
src/halo/interface/ui_widget_event_handler_functions.c	43	NAME/LAYOUT LEAD	/* widget_event_function_null (0x0e98a0) — the no-op event handler. Name PAL
src/halo/interface/ui_widget_event_handler_functions.c	45	NAME/LAYOUT LEAD	* PAL slots 0, 3 and 4 are widget_event_function_null, and the 2276 table at
src/halo/interface/ui_widget_event_handler_functions.c	474	NAME/LAYOUT LEAD	bool result; /* name: PAL 2342 ui_widget_event_handler_functions.c:2707 */
src/halo/interface/ui_widget_event_handler_functions.c	508	NAME/LAYOUT LEAD	* 0x31e1b4) — name PAL 2342 ui_widget_event_handler_functions.c:2418 (T2),
src/halo/interface/ui_widget_event_handler_functions.c	509	NAME/LAYOUT LEAD	"* slot matches PAL ""main menu intialize"". Clears the multiplayer joins and"
src/halo/interface/ui_widget_event_handler_functions.c	1116	NAME/LAYOUT LEAD	"* ""player settings list"" spinner list of saved player profiles.  PAL 2342"
src/halo/interface/ui_widget_event_handler_functions.c	1147	NAME/LAYOUT LEAD	*(int *)0x31e494 = -1; /* PAL event_handler_functions.profile_index */
src/halo/interface/ui_widget_event_handler_functions.c	1148	NAME/LAYOUT LEAD	csmemset((void *)0x5aa3c0, -1, 0x9c); /* PAL cached_player_profile */
src/halo/interface/ui_widget_event_handler_functions.c	1245	NAME/LAYOUT LEAD	void *spinner; /* name: PAL 2342 ui_widget_event_handler_functions.c:4447 */
src/halo/interface/ui_widget_event_handler_functions.c	1355	NAME/LAYOUT LEAD	int *available_profiles; /* name: PAL 2342
src/halo/interface/ui_widget_event_handler_functions.c	1361	NAME/LAYOUT LEAD	*spinner_list; /* name: PAL 2342 ui_widget_event_handler_functions.c:4041 */
src/halo/interface/ui_widget_event_handler_functions.c	1455	NAME/LAYOUT LEAD	profile_index; /* name: PAL 2342 ui_widget_event_handler_functions.c:3108 */
src/halo/interface/ui_widget_event_handler_functions.c	1571	NAME/LAYOUT LEAD	int game_engine; /* name: PAL 2342 ui_widget_event_handler_functions.c:2878 */
src/halo/interface/ui_widget_event_handler_functions.c	3583	NAME/LAYOUT LEAD	focused_child; /* name: PAL 2342 ui_widget_event_handler_functions.c:3353 */
src/halo/interface/ui_widget_event_handler_functions.c	4700	NAME/LAYOUT LEAD	case 1: /* name: PAL 2342 ui_widget_event_handler_functions.c:4824 */
src/halo/interface/ui_widget_event_handler_functions.c	5305	NAME/LAYOUT LEAD	void *list_item; /* name: PAL 2342 ui_widget_event_handler_functions.c:4502 */
src/halo/interface/ui_widget_event_handler_functions.c	5571	NAME/LAYOUT LEAD	int *color_select_screen; /* name: PAL 2342
src/halo/interface/ui_widget_event_handler_functions.c	6076	NAME/LAYOUT LEAD	char *list_item; /* name: PAL 2342 ui_widget_event_handler_functions.c:4730 */
src/halo/interface/ui_widget_event_handler_functions.c	6901	NAME/LAYOUT LEAD	* choice's 0x31e2bc entry) — name PAL 2342 ui_widget_event_handler_functions.c
src/halo/interface/ui_widget_event_handler_functions.c	7270	NAME/LAYOUT LEAD	void *difficulty_widget; /* name: PAL 2342
src/halo/interface/ui_widget_event_handler_functions.c	7368	NAME/LAYOUT LEAD	highest_level; /* name: PAL 2342 ui_widget_event_handler_functions.c:5786 */
src/halo/interface/ui_widget_event_handler_functions.c	7369	NAME/LAYOUT LEAD	int16_t highest_difficulty; /* name: PAL 2342
src/halo/interface/ui_widget_game_data_input_functions.c	359	NAME/LAYOUT LEAD	wchar_t *text; /* name: PAL 2342 ui_widget_game_data_input_functions.c:1963 */
src/halo/interface/ui_widget_game_data_input_functions.c	2578	NAME/LAYOUT LEAD	/* FUN_000f3690 (0xf3690) — PAL 2342 spinner_list_3wide_determine_displayed_
src/halo/items/items.c	535	NAME/LAYOUT LEAD	* behaviour is clear but there is no string/PDB evidence for a symbol. */
src/halo/items/items.c	558	NAME/LAYOUT LEAD	* string/PDB evidence for a symbol. */
src/halo/items/items.c	1706	NAME/LAYOUT LEAD	*   0x323e88, slot +0x18 (initialize_for_new_map); name from PAL 2342
src/halo/items/items.c	1716	NAME/LAYOUT LEAD	*   0x323e88, slot +0x1c (dispose_from_old_map); name from PAL 2342 (T2). */
src/halo/items/items.c	1738	NAME/LAYOUT LEAD	*   0x323e88, slot +0x2c (datum_delete, PAL signature void (long)); name
src/halo/items/items.c	1739	NAME/LAYOUT LEAD	*   from PAL 2342 objects/object_types.c item_data_definition (T2). */
src/halo/items/projectiles.c	42	NAME/LAYOUT LEAD	*   at 0x324108, slot +0x1c (dispose_from_old_map); name from PAL 2342
src/halo/items/weapons.c	1402	NAME/LAYOUT LEAD	float *function_values; /* name: PAL 2342 items/weapons.c:807 */
src/halo/items/weapons.c	1403	NAME/LAYOUT LEAD	int16_t *function_mode; /* PAL 2342 items/weapons.c:808 function_modes */
src/halo/items/weapons.c	1405	NAME/LAYOUT LEAD	float function_value; /* name: PAL 2342 items/weapons.c:822 */
src/halo/items/weapons.c	1670	NAME/LAYOUT LEAD	* Fills the caller's weapon-interface state record (state; name: PAL 2342
src/halo/items/weapons.c	1697	NAME/LAYOUT LEAD	int reloading; /* name: PAL 2342 items/weapons.c:1157 */
src/halo/items/weapons.c	1734	NAME/LAYOUT LEAD	* (PAL 2342 weapons.c:1157 spells it the same way).
src/halo/main/main.c	1637	NAME/LAYOUT LEAD	*  - The name is behavioral only. No PDB entry or string names the function
src/halo/math/real_math.c	31	NAME/LAYOUT LEAD	* name_source for the BOUND identifiers: halocea+assert — the names are stamped
src/halo/math/real_math.c	35	NAME/LAYOUT LEAD	* name_source for the periodic MEMBER names: halocea-guess. The halocea corpus
src/halo/math/real_math.c	47	NAME/LAYOUT LEAD	* name_source for the transition MEMBER names: halocea. That corpus reports
src/halo/math/real_math.c	7488	NAME/LAYOUT LEAD	#define UPDBITS                      \
src/halo/math/real_math.c	7505	NAME/LAYOUT LEAD	UPDBITS UPDIN UPDOUT \
src/halo/math/rectangles.c	202	NAME/LAYOUT LEAD	* each edge line of p (0x108060). PAL 2342 geometry.c
src/halo/math/rectangles.c	204	NAME/LAYOUT LEAD	* 0x3f8-0x3fe and 0x40d with PAL's condition strings. Points are
src/halo/math/vector_math.c	853	NAME/LAYOUT LEAD	* Name from PAL 2342 (real_math.c normalize2d); only operates on v[0] and v[1].
src/halo/memory/circular_queue.c	69	NAME/LAYOUT LEAD	#define UPDBITS                      \
src/halo/memory/circular_queue.c	86	NAME/LAYOUT LEAD	UPDBITS UPDIN UPDOUT \
src/halo/memory/circular_queue.c	342	NAME/LAYOUT LEAD	#undef UPDBITS
src/halo/memory/circular_queue.c	390	NAME/LAYOUT LEAD	#define UPDBITS                      \
src/halo/memory/circular_queue.c	407	NAME/LAYOUT LEAD	UPDBITS UPDIN UPDOUT \
src/halo/memory/circular_queue.c	591	NAME/LAYOUT LEAD	#undef UPDBITS
src/halo/memory/circular_queue.c	1164	NAME/LAYOUT LEAD	* 0x116010 / circular_queue.obj (inflate.c); names: PAL 2342 inftrees.c:294 */
src/halo/memory/circular_queue.c	2440	NAME/LAYOUT LEAD	unsigned int sourceLen) /* names: PAL 2342 uncompr.c:25 */
src/halo/memory/lruv_cache.c	193	NAME/LAYOUT LEAD	* (kb name lruv_allocation_size is a punpckhdq PDB misnomer; this is the
src/halo/models/model_animations.c	425	NAME/LAYOUT LEAD	* Name: PAL 2342 model_animations.c animation_is_compressed (T2), whose
src/halo/models/model_animations.c	431	NAME/LAYOUT LEAD	*   global 0x322600 (PAL: hs_model_animation_compression_enabled) or
src/halo/models/model_animations.c	432	NAME/LAYOUT LEAD	*   dword [ESI+0x88] == 0 (PAL: compressed_data_offset).  Returns via
src/halo/models/model_animations.c	868	PRIORITY CONTROL-FLOW/LAYOUT REVIEW	* Shape: PAL 2342 model_animations.c interpolate_node_orientations (T2). */
src/halo/models/model_animations.c	2207	NAME/LAYOUT LEAD	* animation_scale (FUN_0010ba90 = PAL quaternions_interpolate), then composed
src/halo/models/model_animations.c	2217	PRIORITY CONTROL-FLOW/LAYOUT REVIEW	* Shape: PAL 2342 overlay_animation_apply_scaled (T2). */
src/halo/models/model_animations.c	2320	NAME/LAYOUT LEAD	* Name: PAL 2342 overlay_animation_apply_continuous (T2), corroborated by the
src/halo/models/model_animations.c	2322	NAME/LAYOUT LEAD	"* A(%f,%x) -- tell Bernie!!"" (0x291388) that PAL places in this function, and"
src/halo/models/model_animations.c	2680	NAME/LAYOUT LEAD	* case-insensitively; returns the int16 index or -1. PAL calls this
src/halo/models/model_animations.c	2827	NAME/LAYOUT LEAD	* 2276 frame stores at 0x1245e5..0x1246dd. PAL 2342 models.c supplies the T2
src/halo/networking/network_connection.h	3	NAME/LAYOUT LEAD	* (the original header is listed in the punpckhdq PDB TU corpus).
src/halo/networking/network_server_manager.c	29	NAME/LAYOUT LEAD	uint32_t field_04;      /* 0x04: PAL calls this last_update_time */
src/halo/networking/network_server_manager.c	1017	NAME/LAYOUT LEAD	int update_number; /* name: PAL 2342 network_server_manager.c:1715 */
src/halo/networking/network_server_manager.c	2016	NAME/LAYOUT LEAD	unsigned int oldest_update = 0xffffffff; /* name: PAL 2342 network_server_manager.c:2506 */
src/halo/networking/network_server_manager.c	2017	NAME/LAYOUT LEAD	int culprit = -1;                        /* name: PAL 2342 network_server_manager.c:2507 */
src/halo/networking/network_server_manager.c	2038	NAME/LAYOUT LEAD	char machine_name[32]; /* name: PAL 2342 network_server_manager.c:2533 */
src/halo/networking/network_server_manager.c	2573	NAME/LAYOUT LEAD	char game_settings[0x434]; /* name: PAL 2342 network_server_manager.c:3371 */
src/halo/networking/network_server_manager.c	2583	NAME/LAYOUT LEAD	int shutdown_message = 0; /* name: PAL 2342 network_server_manager.c:3386 */
src/halo/networking/network_server_manager.c	3054	NAME/LAYOUT LEAD	/* 2276 game-advertise payload. PAL 2342 names these same fields; the 2276
src/halo/objects/objects.c	1026	NAME/LAYOUT LEAD	* age-based fade of a trailing glow particle (the PAL reference calls it
src/halo/objects/objects.c	1035	NAME/LAYOUT LEAD	* Name: PAL-2342 glow.c (T2) — same slot in PAL's symbol order, between
src/halo/objects/objects.c	1036	NAME/LAYOUT LEAD	* glow_delete and glow_trailing_particle_update_size; tests the PAL
src/halo/objects/objects.c	1088	NAME/LAYOUT LEAD	* velocity of a trailing glow particle (the PAL reference calls it
src/halo/objects/objects.c	1095	NAME/LAYOUT LEAD	* Name: PAL-2342 glow.c (T2) — same slot in PAL's symbol order, between
src/halo/objects/objects.c	1096	NAME/LAYOUT LEAD	* glow_trailing_particle_update_size and _update_position; tests the PAL
src/halo/objects/objects.c	1154	NAME/LAYOUT LEAD	* Name: PAL-2342 glow.c (T2) — same slot in PAL's symbol order, between
src/halo/objects/objects.c	1185	NAME/LAYOUT LEAD	* and edge fade of a normal glow particle (the PAL reference calls it
src/halo/objects/objects.c	1201	NAME/LAYOUT LEAD	* Name: PAL-2342 glow.c (T2) — same slot in PAL's symbol order, after the
src/halo/objects/objects.c	1203	NAME/LAYOUT LEAD	* the PAL modify_particle_color bit (flags & 0x1).
src/halo/objects/objects.c	1282	NAME/LAYOUT LEAD	* Name: PAL-2342 glow.c (T2) — same slot in PAL's symbol order, after
src/halo/objects/objects.c	1296	NAME/LAYOUT LEAD	* Name: PAL-2342 glow.c (T2) — same slot in PAL's symbol order, between
src/halo/objects/objects.c	1907	NAME/LAYOUT LEAD	int animation) /* name: PAL 2342 light_volumes.c:370 */
src/halo/objects/objects.c	1911	NAME/LAYOUT LEAD	short source; /* name: PAL 2342 source/objects/widgets/light_volumes.c:382 */
src/halo/objects/objects.c	1915	NAME/LAYOUT LEAD	(void)lighting; /* name: PAL 2342 source/objects/widgets/light_volumes.c:369 */
src/halo/objects/objects.c	2458	NAME/LAYOUT LEAD	* Name: PAL 2342 objects/object_lights.c lights_disconnect_from_structure_bsp
src/halo/objects/objects.c	2461	NAME/LAYOUT LEAD	* Inferred: 0x1396e0 is PAL light_disconnect_from_map; it is
src/halo/objects/objects.c	2462	PRIORITY CONTROL-FLOW/LAYOUT REVIEW	* called here, as in PAL, and defined above so MSVC can inline it.
src/halo/objects/objects.c	4277	PRIORITY CONTROL-FLOW/LAYOUT REVIEW	* Shape: PAL 2342 source/objects/object_types.c:630-678 -- the list tail
src/halo/objects/objects.c	4286	NAME/LAYOUT LEAD	int16_t type; /* name: PAL 2342 source/objects/object_types.c:630 */
src/halo/objects/objects.c	4378	PRIORITY CONTROL-FLOW/LAYOUT REVIEW	/* Names and loop form follow PAL 2342 object_types.c (object_type_delete). */
src/halo/objects/objects.c	4419	PRIORITY CONTROL-FLOW/LAYOUT REVIEW	/* Loop form follows PAL 2342 object_types.c (see object_type_delete). */
src/halo/objects/objects.c	4444	PRIORITY CONTROL-FLOW/LAYOUT REVIEW	/* Names and loop form follow PAL 2342 object_types.c (object_type_delete). */
src/halo/objects/objects.c	4466	PRIORITY CONTROL-FLOW/LAYOUT REVIEW	/* Names/loop form follow PAL 2342 object_types.c: index the NULL-terminated
src/halo/objects/objects.c	4501	PRIORITY CONTROL-FLOW/LAYOUT REVIEW	/* Names and loop form follow PAL 2342 object_types.c (object_type_delete). */
src/halo/objects/objects.c	4525	PRIORITY CONTROL-FLOW/LAYOUT REVIEW	/* Names/loop form follow PAL 2342 object_types.c: index the NULL-terminated
src/halo/objects/objects.c	4549	PRIORITY CONTROL-FLOW/LAYOUT REVIEW	/* Names and loop form follow PAL 2342 object_types.c (object_type_delete). */
src/halo/objects/objects.c	4592	PRIORITY CONTROL-FLOW/LAYOUT REVIEW	/* Loop form follows PAL 2342 object_types.c: index the NULL-terminated
src/halo/objects/objects.c	4638	PRIORITY CONTROL-FLOW/LAYOUT REVIEW	/* Loop form follows PAL 2342 object_types.c (see object_type_delete). */
src/halo/objects/objects.c	4662	PRIORITY CONTROL-FLOW/LAYOUT REVIEW	/* Names and loop form follow PAL 2342 object_types.c (object_type_delete). */
src/halo/objects/objects.c	4705	PRIORITY CONTROL-FLOW/LAYOUT REVIEW	/* Loop form follows PAL 2342 object_types.c: index the NULL-terminated
src/halo/objects/objects.c	4736	PRIORITY CONTROL-FLOW/LAYOUT REVIEW	/* Loop form follows PAL 2342 object_types.c (see object_type_delete). */
src/halo/objects/objects.c	4757	PRIORITY CONTROL-FLOW/LAYOUT REVIEW	/* Names/loop form follow PAL 2342 object_types.c: index the NULL-terminated
src/halo/objects/objects.c	4781	PRIORITY CONTROL-FLOW/LAYOUT REVIEW	/* Names and loop form follow PAL 2342 object_types.c (object_type_delete). */
src/halo/objects/objects.c	4803	PRIORITY CONTROL-FLOW/LAYOUT REVIEW	/* Names and loop form follow PAL 2342 object_types.c (object_type_delete). */
src/halo/objects/objects.c	5186	NAME/LAYOUT LEAD	int16_t name_index; /* name: PAL 2342 object_types.c:1272 */
src/halo/objects/objects.c	5231	NAME/LAYOUT LEAD	* Name: PAL 2342 objects/object_types.c object_types_reconnect_to_structure_bsp
src/halo/objects/objects.c	6099	NAME/LAYOUT LEAD	/* object_globals is re-read at each use (PAL 2342 objects.c:530). */
src/halo/objects/objects.c	6596	PRIORITY CONTROL-FLOW/LAYOUT REVIEW	/* Loop form follows PAL 2342 objects.c:4583: the region walk stops as
src/halo/objects/objects.c	7138	NAME/LAYOUT LEAD	short attachment_num; /* name: PAL 2342 objects.c:3088 */
src/halo/objects/objects.c	7529	NAME/LAYOUT LEAD	/* header->data_size (hdr+0x6) is re-read per use, PAL 2342 objects.c:4441 */
src/halo/objects/objects.c	8725	NAME/LAYOUT LEAD	bool result; /* name: PAL 2342 source/objects/objects.c:1474 */
src/halo/objects/objects.c	11704	NAME/LAYOUT LEAD	/* object->object.position = *new_position (PAL 2342 objects.c:3231):
src/halo/objects/objects.c	12304	NAME/LAYOUT LEAD	/* active_garbage_object_count: PAL 2342 objects.c:3585 */
src/halo/objects/widgets/glow.c	55	NAME/LAYOUT LEAD	/* glow_globals data-array pointers (PAL-2342 glow.c: glow_globals.glow_data /
src/halo/objects/widgets/glow.c	71	NAME/LAYOUT LEAD	* PAL-2342 (T2): data_make_valid on each glow pool that exists; the 2276 pool
src/halo/objects/widgets/glow.c	83	NAME/LAYOUT LEAD	* PAL-2342 (T2): data_make_invalid on each glow pool that exists. */
src/halo/objects/widgets/glow.c	97	PRIORITY CONTROL-FLOW/LAYOUT REVIEW	* shape from PAL-2342 glow.c (T2); strings verified at 0x29ab58/0x29ab48/
src/halo/objects/widgets/glow.c	379	NAME/LAYOUT LEAD	"* t <= t3"" (real_math.h line 0x5fa), names t0/t3/t; the PAL reference calls the"
src/halo/objects/widgets/glow.c	385	NAME/LAYOUT LEAD	* Name: PAL-2342 glow.c (T2) — same slot in PAL's symbol order, between
src/halo/objects/widgets/glow.c	581	NAME/LAYOUT LEAD	* Faithful 2276 bugs (the binary wins over the PAL reference):
src/halo/objects/widgets/glow.c	583	NAME/LAYOUT LEAD	*    at 0x133cf6 etc.), as in point_from_parametric_line.  PAL has the same
src/halo/objects/widgets/glow.c	584	NAME/LAYOUT LEAD	*    bug; the rest below differ from PAL.
src/halo/objects/widgets/glow.c	591	NAME/LAYOUT LEAD	*    knots[1] stays uninitialized.  PAL instead stores the midpoint in
src/halo/objects/widgets/glow.c	593	NAME/LAYOUT LEAD	*  - PAL's 2- and 3-marker paths call cross_product3d for sides[]; 2276 has
src/halo/physics/breakable_surfaces.c	23	NAME/LAYOUT LEAD	*   at 0x324568, slot +0x18 (initialize_for_new_map); name from PAL 2342
src/halo/physics/breakable_surfaces.c	36	NAME/LAYOUT LEAD	*   at 0x324568, slot +0x1c (dispose_from_old_map); name from PAL 2342 (T2).
src/halo/physics/breakable_surfaces.c	46	NAME/LAYOUT LEAD	*   0x3241a8, slot +0x10 (initialize); name from PAL 2342
src/halo/physics/breakable_surfaces.c	56	NAME/LAYOUT LEAD	*   0x3241a8, slot +0x18 (initialize_for_new_map); name from PAL 2342 (T2). */
src/halo/physics/breakable_surfaces.c	65	NAME/LAYOUT LEAD	*   0x3241a8, slot +0x1c (dispose_from_old_map); name from PAL 2342 (T2). */
src/halo/physics/collision_bsp.c	2261	NAME/LAYOUT LEAD	* The swept-pill walk over a collision BSP (CEA: bsp3d_test_pill_recursive).
src/halo/physics/point_physics.c	2765	NAME/LAYOUT LEAD	int force_weather_palette_index, /* name: PAL 2342 physics/point_physics.c:66 */
src/halo/rasterizer/rasterizer.c	1498	NAME/LAYOUT LEAD	"* Uncertain: the kb.json name ""rasterizer_window_get_fog"" comes from PDB"
src/halo/rasterizer/rasterizer.c	4676	NAME/LAYOUT LEAD	* in_stack_00000004). Both globals are unnamed (no string/PDB evidence); the
src/halo/rasterizer/rasterizer.c	4700	NAME/LAYOUT LEAD	* PDB evidence — and the only observed caller is the frame-setup path in
src/halo/rasterizer/rasterizer.c	4724	NAME/LAYOUT LEAD	* it is an unaligned byte inside a larger globals block with no string or PDB
src/halo/rasterizer/rasterizer_sprites.c	38	NAME/LAYOUT LEAD	* None of the thunks carries string or PDB evidence of its own name.  Naming a
src/halo/rasterizer/rasterizer_sprites.c	363	NAME/LAYOUT LEAD	* The wrapper's name is unproven (no string or PDB evidence), so the
src/halo/rasterizer/rasterizer_sprites.c	428	NAME/LAYOUT LEAD	* The wrapper's name is unproven (no string or PDB evidence), so the
src/halo/rasterizer/rasterizer_sprites.c	474	NAME/LAYOUT LEAD	* (object_handle / datum / callback) are unproven by any string or PDB
src/halo/rasterizer/rasterizer_sprites.c	585	NAME/LAYOUT LEAD	* The wrapper's own name is unproven (no string or PDB evidence), so the
src/halo/rasterizer/rasterizer_sprites.c	706	NAME/LAYOUT LEAD	* PDB evidence naming it, so it stays param_2.  Slot 2 must stay `float` on
src/halo/rasterizer/rasterizer_sprites.c	759	NAME/LAYOUT LEAD	* Names are behaviour-derived only (no string or PDB evidence) and therefore
src/halo/rasterizer/rasterizer_sprites.c	817	NAME/LAYOUT LEAD	* Names are behaviour-derived only (no string or PDB evidence) and therefore
src/halo/rasterizer/rasterizer_sprites.c	1265	NAME/LAYOUT LEAD	* requirement.  No string or PDB evidence names this function, so the FUN_
src/halo/rasterizer/rasterizer_sprites.c	1315	NAME/LAYOUT LEAD	* and no string or PDB evidence names this function or the indexed field
src/halo/rasterizer/rasterizer_sprites.c	1346	NAME/LAYOUT LEAD	* No callees.  No string or PDB evidence names this function or the indexed
src/halo/rasterizer/rasterizer_sprites.c	1457	NAME/LAYOUT LEAD	* string or PDB evidence names this function, so the FUN_ name is kept.
src/halo/rasterizer/rasterizer_sprites.c	1759	NAME/LAYOUT LEAD	* function name is CEA PDB line-containment evidence (high confidence).  The
src/halo/rasterizer/rasterizer_sprites.c	1762	NAME/LAYOUT LEAD	* or PDB evidence, so every field is addressed by raw offset here and no
src/halo/rasterizer/rasterizer_sprites.c	1987	NAME/LAYOUT LEAD	* [0x2af1ac] is UNKNOWN -- no string or PDB evidence names it, and its only
src/halo/rasterizer/rasterizer_text.c	1082	NAME/LAYOUT LEAD	/* Evaluate a lens-flare corona's rotation (0x181420). PAL 2342 names this
src/halo/rasterizer/xbox/rasterizer_xbox.c	2858	NAME/LAYOUT LEAD	* PAL 2342's `struct render_fog`, source/render/render_cameras.h, and this
src/halo/rasterizer/xbox/rasterizer_xbox.c	2875	NAME/LAYOUT LEAD	* 0x3256df / 0x3256e0 are single-byte debug toggles (PAL:
src/halo/rasterizer/xbox/rasterizer_xbox_decals.c	237	NAME/LAYOUT LEAD	* [NUMBER_OF_SHADER_FRAMEBUFFER_BLEND_FUNCTIONS + 1], PAL's NONE-terminated
src/halo/rasterizer/xbox/rasterizer_xbox_dynavobgeom.c	3	NAME/LAYOUT LEAD	/* Multitexture parameter overlay copied by FUN_0015f220.  PAL source names
src/halo/rasterizer/xbox/rasterizer_xbox_dynavobgeom.c	41	NAME/LAYOUT LEAD	* PAL source names every copied member.
src/halo/rasterizer/xbox/rasterizer_xbox_dynavobgeom.c	42	NAME/LAYOUT LEAD	* Debug 2276 copy direction matches PAL.
src/halo/rasterizer/xbox/rasterizer_xbox_dynavobgeom.c	50	NAME/LAYOUT LEAD	/* Debug assertions identify maps and meter parameters.  PAL source, with the
src/halo/rasterizer/xbox/rasterizer_xbox_dynavobgeom.c	177	NAME/LAYOUT LEAD	* shader type and geometry flags; PAL source and matching 2276 accesses map
src/halo/rasterizer/xbox/rasterizer_xbox_environment_fog.c	7	PRIORITY CONTROL-FLOW/LAYOUT REVIEW	* Structure and field names follow the PAL build 2342 reference
src/halo/rasterizer/xbox/rasterizer_xbox_environment_fog.c	8	NAME/LAYOUT LEAD	* (halo-pal-2342 source/rasterizer/xbox/rasterizer_xbox_environment_fog.c);
src/halo/rasterizer/xbox/rasterizer_xbox_environment_fog.c	10	NAME/LAYOUT LEAD	* place where 2276 differs from PAL is called out at the function. */
src/halo/rasterizer/xbox/rasterizer_xbox_environment_fog.c	375	NAME/LAYOUT LEAD	/* PAL real_local_random() is a random_math.h inline here: every use calls
src/halo/rasterizer/xbox/rasterizer_xbox_environment_fog.c	554	NAME/LAYOUT LEAD	/* 0x166010 rasterizer_environment_fog_screen_is_active (static in PAL as
src/halo/rasterizer/xbox/rasterizer_xbox_environment_fog.c	557	NAME/LAYOUT LEAD	* never written in this build (same as PAL). */
src/halo/rasterizer/xbox/rasterizer_xbox_environment_fog.c	619	NAME/LAYOUT LEAD	/* 0x166210 rasterizer_environment_fog_screen_wind_update. PAL static; the
src/halo/rasterizer/xbox/rasterizer_xbox_environment_fog.c	812	NAME/LAYOUT LEAD	* 2276 differs from PAL: the scroll offset is a short, the per-window
src/halo/rasterizer/xbox/rasterizer_xbox_models.c	20	NAME/LAYOUT LEAD	* Names: PAL 2342 rasterizer_xbox_models.c enums (T2). Values: the 2276
src/halo/rasterizer/xbox/rasterizer_xbox_models.c	63	NAME/LAYOUT LEAD	* Names follow the PAL 2342 locals uploaded there (T3, mechanical). */
src/halo/rasterizer/xbox/rasterizer_xbox_models.c	91	NAME/LAYOUT LEAD	* names pair each method with the PAL 2342 D3DRS_* written with the same
src/halo/rasterizer/xbox/rasterizer_xbox_models.c	118	NAME/LAYOUT LEAD	* Decoded with the PAL 2342 PS_COMBINERINPUTS / PS_COMBINEROUTPUTS calls that
src/halo/rasterizer/xbox/rasterizer_xbox_models.c	129	NAME/LAYOUT LEAD	/* render_lighting (PAL 2342 render.h, T2): the 0x74-byte block at
src/halo/rasterizer/xbox/rasterizer_xbox_models.c	143	NAME/LAYOUT LEAD	/* rasterizer_model_begin_parameters (PAL 2342, T2): the block FUN_0016bed0
src/halo/rasterizer/xbox/rasterizer_xbox_models.c	174	NAME/LAYOUT LEAD	/* rasterizer_models_globals (0x47df48). Names and layout: PAL 2342 struct
src/halo/rasterizer/xbox/rasterizer_xbox_models.c	201	NAME/LAYOUT LEAD	/* render_fog (PAL 2342 render_cameras.h, T2) at
src/halo/rasterizer/xbox/rasterizer_xbox_models.c	226	NAME/LAYOUT LEAD	* PAL 2342 rasterizer.h / render_cameras.h (T2). */
src/halo/rasterizer/xbox/rasterizer_xbox_models.c	240	NAME/LAYOUT LEAD	/* rasterizer_models_frame_statistics (PAL 2342, T2). Base 0x5a5400 from
src/halo/rasterizer/xbox/rasterizer_xbox_models.c	272	NAME/LAYOUT LEAD	/* shader_environment_definition (PAL 2342, T2), as returned by
src/halo/rasterizer/xbox/rasterizer_xbox_models.c	273	NAME/LAYOUT LEAD	* FUN_001906b0(shader, _shader_type_environment). Flattened prefix: PAL's
src/halo/rasterizer/xbox/rasterizer_xbox_models.c	275	NAME/LAYOUT LEAD	* the fields this TU reads are named. PAL declares flags as a word; 2276 only
src/halo/rasterizer/xbox/rasterizer_xbox_models.c	612	PRIORITY CONTROL-FLOW/LAYOUT REVIEW	* 0x1de..0x1e6). Structure and names follow PAL 2342 (advisory, T2); every
src/halo/rasterizer/xbox/rasterizer_xbox_models.c	614	NAME/LAYOUT LEAD	* disassembly, which matches PAL 2342 for this function.
src/halo/rasterizer/xbox/rasterizer_xbox_models.c	1465	NAME/LAYOUT LEAD	/* 0x16c5a0 — opaque model draw (PAL 2342 names it _rasterizer_model_draw).
src/halo/rasterizer/xbox/rasterizer_xbox_shadows.c	12	NAME/LAYOUT LEAD	* Globals: see the block below. Names follow PAL 2342
src/halo/rasterizer/xbox/rasterizer_xbox_shadows.c	31	NAME/LAYOUT LEAD	/* PAL 2342 dot_product3d. The original sums x, z, y ((x + z) + y) at all
src/halo/rasterizer/xbox/rasterizer_xbox_shadows.c	344	NAME/LAYOUT LEAD	* Name: PAL 2342 __rasterizer_environment_shadow_draw (T2); the same assert
src/halo/rasterizer/xbox/rasterizer_xbox_shadows.c	582	NAME/LAYOUT LEAD	* Name: PAL 2342 __rasterizer_environment_shadow_end (T2); the same assert
src/halo/render/render_cameras.c	32	NAME/LAYOUT LEAD	* follow the PAL 2342 real_math.h definitions.  Suffixed _inline because
src/halo/render/render_cameras.c	1042	NAME/LAYOUT LEAD	{ /* negate_vector3d(&result->up, &result->up): PAL 2342 */
src/halo/render/render_cameras.c	1095	PRIORITY CONTROL-FLOW/LAYOUT REVIEW	* Structure follows the PAL 2342 reconstruction, re-verified against
src/halo/render/render_cameras.c	1475	NAME/LAYOUT LEAD	* preserved).  PAL 2342 names 0x17cf60 (kb: FUN_0017cf60)
src/halo/render/render_cameras.c	1490	NAME/LAYOUT LEAD	/* instance_index: PAL 2342 render_contrails.c:125 */
src/halo/render/render_cameras.c	1519	NAME/LAYOUT LEAD	int point_index; /* name: PAL 2342 render_contrails.c:160 */
src/halo/saved games/saved_game_files.c	20	NAME/LAYOUT LEAD	"* ""profile_index == file.index""; the other field names follow PAL 2342"
src/halo/saved games/saved_game_files.c	311	NAME/LAYOUT LEAD	/* 0x1c1e20 — playlist_profile_new (PAL 2342 playlist_profile.c body, T2).
src/halo/saved games/saved_game_files.c	321	NAME/LAYOUT LEAD	*     byte at record +0x64 is cleared (AND byte [EBP-0x19c],0xfe; PAL
src/halo/saved games/saved_game_files.c	597	NAME/LAYOUT LEAD	* The kb name comes from PDB line containment and does not match the body:
src/halo/saved games/saved_game_files.c	770	NAME/LAYOUT LEAD	* TEST ESI,ESI at 0x1c26f5).  Despite the CEA PDB name no delete behaviour is
src/halo/saved games/saved_game_files.c	821	NAME/LAYOUT LEAD	"* Despite the name the body only writes — the ""read"" naming comes from CEA PDB"
src/halo/saved games/saved_game_files.c	857	NAME/LAYOUT LEAD	* and forwarded — so it stays an explicit unknown; despite the CEA PDB name
src/halo/saved games/saved_game_files.c	2121	PRIORITY CONTROL-FLOW/LAYOUT REVIEW	* set_nth_entry_in_mapfile below, same shape as PAL 2342's
src/halo/saved games/saved_game_files.c	2405	PRIORITY CONTROL-FLOW/LAYOUT REVIEW	"* error string (""remove_nth_entry_in_mapfile() failed""); same shape as PAL"
src/halo/saved games/saved_game_files.c	2627	NAME/LAYOUT LEAD	* (CEA PDB line containment) was wrong: that is a void no-argument hs
src/halo/saved games/saved_game_files.c	2693	NAME/LAYOUT LEAD	* PAL 2342's function of that name.
src/halo/saved games/saved_game_files.c	3238	NAME/LAYOUT LEAD	* PAL 2342 saved_game_files.c (names T2; assert line 0xec).  Fills
src/halo/saved games/saved_game_files.c	3255	NAME/LAYOUT LEAD	* *number_of_profiles, not 0 as PAL 2342 does; reproduced as-is. */
src/halo/saved games/saved_game_files.c	3341	NAME/LAYOUT LEAD	* 0x30-byte checksum span and calls FUN_001c0cd0(dir) (PAL:
src/halo/saved games/saved_game_files.c	3378	NAME/LAYOUT LEAD	case 1: /* PAL: _saved_game_file_system_out_of_disk_space */
src/halo/saved games/saved_game_files.c	3381	NAME/LAYOUT LEAD	case 2: /* PAL: _saved_game_file_system_too_many_saved_games */
src/halo/saved_games/game_state_xbox.c	636	NAME/LAYOUT LEAD	* kb.json name is player_profile_delete (PDB line-containment); the binary
src/halo/saved_games/game_state_xbox.c	775	NAME/LAYOUT LEAD	* this function's return.  PAL 2342 player_profile.c has the identical body
src/halo/saved_games/game_state_xbox.c	834	NAME/LAYOUT LEAD	/* The 0x30-byte player profile record (PAL 2342 struct player_profile, T2
src/halo/saved_games/game_state_xbox.c	872	NAME/LAYOUT LEAD	* sets it; PAL 2342 names it _saved_game_file_index_valid_bit (T2).  The
src/halo/saved_games/game_state_xbox.c	876	NAME/LAYOUT LEAD	/* 0x1c1340 -- player_profile_read (PAL 2342 player_profile.c, T2).
src/halo/saved_games/game_state_xbox.c	877	NAME/LAYOUT LEAD	* Formerly kb player_profile_setup_default_gamespy_settings (a CEA PDB
src/halo/saved_games/game_state_xbox.c	880	NAME/LAYOUT LEAD	* 0x261 at 0x1c1355) is the exact PAL player_profile_read assert, and the
src/halo/saved_games/game_state_xbox.c	882	NAME/LAYOUT LEAD	* PAL player_profile_read's, in the same order.
src/halo/saved_games/game_state_xbox.c	894	NAME/LAYOUT LEAD	* Flow: drain the async profile-io thread at 0x4eaa2c (PAL
src/halo/saved_games/game_state_xbox.c	1152	NAME/LAYOUT LEAD	* Behaviour matches PAL 2342 player_profile_get (T2), not player_profile_new:
src/halo/saved_games/game_state_xbox.c	1207	NAME/LAYOUT LEAD	* PAL player_profile_get_random_good_color.  The 2276 body passes the local
src/halo/scenario/scenario.c	509	PRIORITY CONTROL-FLOW/LAYOUT REVIEW	* Name and shape: HCEX PDB proc render_object_shadow_end and PAL 2342
src/halo/scenario/scenario.c	515	NAME/LAYOUT LEAD	* PAL calls the static shadow_volume_plane_pair three times. 2276 inlines it
src/halo/sound/sound_dsound_xbox.c	629	PRIORITY CONTROL-FLOW/LAYOUT REVIEW	* shape from PAL-2342 sound_dsound_xbox.c dsound_begin_scene (T2). */
src/halo/structures/structures.c	5267	NAME/LAYOUT LEAD	*   matching slot of PAL 2342 scenario_structure_bsp_reconnect_proc_table is
src/halo/structures/structures.c	5269	NAME/LAYOUT LEAD	* Inferred: PAL names the byte at +0x00 reconnect_to_structure_bsp; the
src/halo/structures/structures.c	5350	NAME/LAYOUT LEAD	* parent rectangle (0x196eb0). PAL name:
src/halo/tag_files/files.c	3	NAME/LAYOUT LEAD	/* File-reference flag families. See docs/halocea/README.md for the corpus and
src/halo/tag_files/files.c	40	NAME/LAYOUT LEAD	* find_files members carry no 2276 string and are name_source: halocea, T2 —
src/halo/tag_files/files.c	585	NAME/LAYOUT LEAD	* Despite the kb.json name (CEA PDB line-containment, marked probable), the
src/halo/text/international_strings.c	31	NAME/LAYOUT LEAD	/* names: PAL 2342 source/text/draw_string.c:981 */
src/halo/text/international_strings.c	855	NAME/LAYOUT LEAD	* PAL unicode_string_list_get_string and the 2276 disassembly agree on the
src/halo/text/unicode.c	333	NAME/LAYOUT LEAD	* this TU, but the identity is not confirmed as a PDB/string anchor so the
src/halo/text/unicode.c	411	NAME/LAYOUT LEAD	* unconfirmed by a PDB/string anchor (and sits oddly against this function's
src/halo/text/unicode.c	412	NAME/LAYOUT LEAD	"* own PDB-confirmed ""lower"" name), so the kb.json symbol stays FUN_001dc27c"
src/halo/text/unicode.c	456	NAME/LAYOUT LEAD	* a PDB/string anchor (and sits oddly against this function's own
src/halo/text/unicode.c	457	NAME/LAYOUT LEAD	"* PDB-confirmed ""upper"" name, the mirror image of ustrnlwr's"
src/halo/text/unicode.c	682	NAME/LAYOUT LEAD	* PDB/string anchor, same caveat as the FUN_001dc27c call site in
src/halo/text/unicode.c	696	NAME/LAYOUT LEAD	* PDB/string anchor, same caveat as the FUN_001da8e3 call site in
src/halo/units/bipeds.c	632	NAME/LAYOUT LEAD	*   0x323d48, slot +0x18 (initialize_for_new_map); name from PAL 2342
src/halo/units/bipeds.c	642	NAME/LAYOUT LEAD	*   0x323d48, slot +0x1c (dispose_from_old_map); name from PAL 2342 (T2). */
src/halo/units/bipeds.c	4139	PRIORITY CONTROL-FLOW/LAYOUT REVIEW	* current movement mode. Name and branch structure from PAL 2342
src/halo/units/bipeds.c	4558	PRIORITY CONTROL-FLOW/LAYOUT REVIEW	* animation pair, only state[0] is written here. Structure matches PAL 2342
src/halo/units/bipeds.c	4828	NAME/LAYOUT LEAD	* PAL 2342 struct biped_physics members that are filled from the same
src/halo/units/bipeds.c	4882	PRIORITY CONTROL-FLOW/LAYOUT REVIEW	* animation state, state[1] the crouching byte. Structure matches PAL 2342
src/halo/units/units.c	18	NAME/LAYOUT LEAD	/* Unit selector enums. See docs/halocea/README.md for the corpus and
src/halo/units/units.c	38	NAME/LAYOUT LEAD	* The remaining member names are name_source: halocea, T2 — halocea cites each
src/halo/units/units.c	815	NAME/LAYOUT LEAD	/* XBE: test si,si; jl / cmp si,0xb; jl. name: PAL 2342 unit_dialogue.c:250 */
src/halo/units/units.c	869	NAME/LAYOUT LEAD	/* XBE subtracts 2/5/3. name: PAL 2342 unit_dialogue.c:304 */
src/halo/units/units.c	906	NAME/LAYOUT LEAD	/* name: PAL 2342 unit_dialogue.c:356 */
src/halo/units/units.c	1979	NAME/LAYOUT LEAD	/* name: PAL 2342 unit_scripting_commands.c:206 object_list_index, impervious */
src/halo/units/units.c	2064	NAME/LAYOUT LEAD	"* Name from PAL-2342 units.c (T2); reason string ""unit_globals"", path and"
src/halo/units/units.c	2065	PRIORITY CONTROL-FLOW/LAYOUT REVIEW	* line 0x108 (264) are PUSHed verbatim.  Second argument is NULL, as in PAL. */
src/halo/units/units.c	2074	NAME/LAYOUT LEAD	* Clears the first 4 bytes of unit_globals.  PAL-2342 (T2) writes this as
src/halo/units/units.c	2087	NAME/LAYOUT LEAD	*   0x323ca8, slot +0x1c (dispose_from_old_map); name from PAL 2342
src/halo/units/units.c	2877	NAME/LAYOUT LEAD	/* PAL: interpolation_frame_count = action==7 ? 0 : 6. NTSC: SETE/DEC/AND 6. */
src/halo/units/units.c	4468	NAME/LAYOUT LEAD	/* name: PAL 2342 units.c:3843 reference_object_index, closest_index */
src/halo/units/units.c	5007	NAME/LAYOUT LEAD	/* PAL calls player_index_from_unit_index twice (NTSC 0x1aaa33 and 0x1aaa41). */
src/halo/units/units.c	8389	NAME/LAYOUT LEAD	/* PAL unit_get_current_weapon_index is unit_get + inventory_get_weapon.
src/halo/units/units.c	9245	NAME/LAYOUT LEAD	/* PAL/NTSC: body is inside parent==NONE, not an early return. Assert fail
src/halo/units/units.c	10864	NAME/LAYOUT LEAD	/* PAL unit_get_current_weapon_index = unit_get + inventory_get_weapon */
src/halo/units/units.c	11253	NAME/LAYOUT LEAD	/* PAL result=FALSE; if (allows) { ... result=TRUE }. NTSC stores 0 at
src/halo/units/units.c	11414	NAME/LAYOUT LEAD	/* name: PAL 2342 units.c:4249 alignment_vector */
src/halo/units/units.c	11497	NAME/LAYOUT LEAD	/* NTSC: FCOMP 0.0; TEST AH,0x41; JE true. PAL: looking·dir > 0.f */
src/halo/units/vehicles.c	71	NAME/LAYOUT LEAD	*   0x323de8, slot +0x18 (initialize_for_new_map); name from PAL 2342
src/halo/units/vehicles.c	81	NAME/LAYOUT LEAD	*   0x323de8, slot +0x1c (dispose_from_old_map); name from PAL 2342 (T2). */
src/halo/units/vehicles.c	956	NAME/LAYOUT LEAD	* vehicle+0x42c (speed) and vehicle+0x434 (turn) are the PAL-sourced names
src/halo/units/vehicles.c	962	NAME/LAYOUT LEAD	* Uncertain: accessed here but not named by any existing PAL reference.
src/halo/units/vehicles.c	3139	PRIORITY CONTROL-FLOW/LAYOUT REVIEW	*   structure from PAL 2342 units/vehicles.c vehicle_update (T2).
src/halo/units/vehicles.c	3155	NAME/LAYOUT LEAD	* Inferred (PAL names, offsets confirmed): vehicle +0x424 vehicle flags,
src/shader_model.h	11	NAME/LAYOUT LEAD	/* Names and offsets below are proven from the 2276 binary, not from PAL:
src/types.h	86	NAME/LAYOUT LEAD	/// size=0x8. PAL 2342 real_point2d. x at +0x00 / y at +0x04 from
src/types.h	435	NAME/LAYOUT LEAD	int16_t owner_team_index; ///< offset=0x68  object.owner_team_index (PAL 2342 props.c prop_add; read @0x642a9)
src/types.h	442	NAME/LAYOUT LEAD	int32_t owner_player_index; ///< offset=0x70  object.owner_player_index (PAL 2342 props.c prop_add; CMP -1 @0x64343)
src/types.h	467	NAME/LAYOUT LEAD	uint8_t damage_flags;     ///< offset=0xB6  object.damage_flags; bit 2 = _object_dead_bit (PAL 2342; SHR 2/AND 1 @0x642fc)
src/types.h	503	NAME/LAYOUT LEAD	* strings in units.c, so halocea's consumer-facing `_powerup_type_*` renames
src/types.h	511	NAME/LAYOUT LEAD	* Values 1-5 are T2 (name_source: halocea, DB-verified there via
src/types.h	521	NAME/LAYOUT LEAD	* does not prove 7 is the count.  halocea states NUMBER_OF_POWERUP_TYPES = 7;
src/types.h	548	NAME/LAYOUT LEAD	* the packet of the unit's current speech item).  Field names are T2 (PAL
src/types.h	696	NAME/LAYOUT LEAD	* current item).  Names T2 (PAL 2342 units.h); offsets confirmed by the
src/types.h	1331	NAME/LAYOUT LEAD	/// Per-object record of the object render and shadow passes. Names: PAL 2342
src/types.h	1376	NAME/LAYOUT LEAD	/// size=0x10. PAL real_argb_color: alpha first.
src/types.h	1398	NAME/LAYOUT LEAD	/// PAL 2342 rasterizer_debug_options.h (T2), whose offsets match every field
src/types.h	1423	NAME/LAYOUT LEAD	/// global_window_parameters (0x5a5bc0), PAL 2342 struct
src/types.h	1440	NAME/LAYOUT LEAD	/// follow PAL 2342 (T2); 2276 confirms the order: each case of
src/types.h	1462	NAME/LAYOUT LEAD	/// global_frame_parameters (0x5a5e18), PAL 2342 struct
src/types.h	1470	NAME/LAYOUT LEAD	/// rasterizer_frame_statistics (0x5a5400), PAL 2342 struct
src/types.h	1497	NAME/LAYOUT LEAD	/// global_pixel_shader (0x5a5ac0), PAL 2342 struct pixel_shader_definition:
src/types.h	1522	NAME/LAYOUT LEAD	/// rasterizer_environment_shadows_globals (0x47e46c), PAL 2342
src/types.h	1554	NAME/LAYOUT LEAD	/// [ECX+8], stride ADD ECX,0x14. Names from PAL 2342 dynamic_screen_vertex.
src/types.h	1567	NAME/LAYOUT LEAD	/// observed in draw_bitmap_in_rect (params base EBP-0xec); names follow PAL
src/types.h	2128	NAME/LAYOUT LEAD	* Historical field names and grouping came from PAL 2342 source/ai/props.h
src/types.h	2139	NAME/LAYOUT LEAD	*   +0x110. Fields not listed here were historically PAL-placed; their widths
src/types.h	2143	NAME/LAYOUT LEAD	/* prop_t.state values — PAL 2342 source/ai/props.h (T2).  2276 evidence:
src/types.h	2337	NAME/LAYOUT LEAD	int16_t meta_type;                                 /* +0x004  actor->meta.type (PAL 2342 actors.h actor_meta_data; read by prop_add @0x6439b) */
src/types.h	2370	NAME/LAYOUT LEAD	int16_t meta_team_index;                           /* +0x03e  actor->meta.team_index (PAL 2342; game_team_is_* arg in prop_add @0x642b7) */
src/types.h	2382	NAME/LAYOUT LEAD	int32_t meta_first_prop_index;                     /* +0x050  actor->meta.first_prop_index: prop chain head (PAL 2342; written by prop_add @0x643b8) */
src/types.h	2475	NAME/LAYOUT LEAD	real_point3d head_position;                      /* +0x120  actor->input.position.head_position (PAL 2342); weapon_aim origin @0x23422 */
src/types.h	2495	NAME/LAYOUT LEAD	boolean input_in_midair;                           /* +0x15c  actor->input.in_midair (PAL 2342); _firing_not_in_midair test @0x234ad */
src/types.h	2499	NAME/LAYOUT LEAD	boolean input_underwater;                          /* +0x15d  actor->input.underwater (PAL 2342); _firing_underwater test @0x2354a */
src/types.h	2750	NAME/LAYOUT LEAD	real_point3d orders_combat_target_point;          /* +0x460  actor->orders.combat.target_point (PAL 2342); copied to +0x610 @0x22fb0 */
src/types.h	2784	NAME/LAYOUT LEAD	boolean control_moving;                            /* +0x504  actor->control.moving (PAL 2342); _firing_not_stationary test @0x23526 */
src/types.h	2789	NAME/LAYOUT LEAD	boolean control_crouching;                         /* +0x508  actor->control.crouching (PAL 2342); _firing_not_crouching test @0x234e3 */
src/types.h	2809	NAME/LAYOUT LEAD	int16_t secondary_look_priority;                   /* +0x546  NTSC writes priority and consumes secondary mode priority as int16_t; name_source: halocea */
src/types.h	2810	NAME/LAYOUT LEAD	int16_t secondary_look_timer;                      /* +0x548  NTSC writes tick_count, decrements while positive, and expires at zero as int16_t; name_source: halocea */
src/types.h	2866	NAME/LAYOUT LEAD	int16_t control_fire_state_timer;                  /* +0x5f4  actor->control.fire_state_timer (PAL 2342); decremented @0x22e7f */
src/types.h	2870	NAME/LAYOUT LEAD	int16_t control_burst_disable_timer;               /* +0x5f6  actor->control.burst_disable_timer (PAL 2342); _firing_disabled test @0x23471 */
src/types.h	2874	NAME/LAYOUT LEAD	int16_t control_trigger_delay_timer;               /* +0x5f8  actor->control.trigger_delay_timer (PAL 2342); set from 30/rof @0x23f63 */
src/types.h	2878	NAME/LAYOUT LEAD	int16_t control_blocked_communication_timer;       /* +0x5fa  actor->control.blocked_communication_timer (PAL 2342); compared to 0x2d @0x23e3b */
src/types.h	2886	NAME/LAYOUT LEAD	int16_t control_special_fire_delay;           /* +0x5fc  actor->control.special_fire_delay (PAL 2342); word store @0x23199 */
src/types.h	2887	NAME/LAYOUT LEAD	int16_t control_special_fire_deny_attempts;   /* +0x5fe  actor->control.special_fire_deny_attempts (PAL 2342); word store @0x231dc */
src/types.h	2894	NAME/LAYOUT LEAD	boolean control_overcharging_weapon;               /* +0x602  actor->control.overcharging_weapon (PAL 2342); set @0x23231 */
src/types.h	2898	NAME/LAYOUT LEAD	boolean control_fire_burst_secondary;              /* +0x603  actor->control.fire_burst_secondary (PAL 2342); weapon_aim trigger arg @0x23d2a */
src/types.h	2902	NAME/LAYOUT LEAD	boolean control_next_burst_secondary;              /* +0x604  actor->control.next_burst_secondary (PAL 2342); set @0x231f0 */
src/types.h	2907	NAME/LAYOUT LEAD	real control_weapon_maximum_range;                 /* +0x608  actor->control.weapon_maximum_range (PAL 2342); stored @0x22ff4 */
src/types.h	2917	NAME/LAYOUT LEAD	real_point3d control_current_fire_target_manual_point; /* +0x610  actor->control.current_fire_target_manual_point (PAL 2342); 3-dword copy @0x22fb0 */
src/types.h	2921	NAME/LAYOUT LEAD	int32_t control_current_fire_target_timer;         /* +0x61c  actor->control.current_fire_target_timer (PAL 2342); INC @0x22ed5, % 10 @0x23353 */
src/types.h	2923	NAME/LAYOUT LEAD	boolean control_current_fire_target_visible;       /* +0x620  actor->control.current_fire_target_visible (PAL 2342); store @0x235ee */
src/types.h	2924	NAME/LAYOUT LEAD	boolean control_current_fire_target_underwater;    /* +0x621  PAL 2342 name; store @0x232a5 */
src/types.h	2925	NAME/LAYOUT LEAD	boolean control_current_fire_target_superballistic; /* +0x622  PAL 2342 name; weapon_aim arg 5 @0x2341a */
src/types.h	2926	NAME/LAYOUT LEAD	boolean control_current_fire_target_bombardment;   /* +0x623  PAL 2342 name; store @0x2340a */
src/types.h	2927	NAME/LAYOUT LEAD	boolean control_current_fire_target_outside_active_area; /* +0x624  PAL 2342 name; pvs bit test @0x232e3 */
src/types.h	2929	NAME/LAYOUT LEAD	int16_t control_current_fire_target_line_of_sight; /* +0x626  PAL 2342 name; word store @0x23291, ai_test_line_of_sight result @0x23391 */
src/types.h	2932	NAME/LAYOUT LEAD	boolean control_aiming_at_fire_target;             /* +0x628  actor->control.aiming_at_fire_target (PAL 2342); store @0x22fcd/0x23633 */
src/types.h	2941	NAME/LAYOUT LEAD	real_point3d control_current_fire_target_position; /* +0x62c  PAL 2342 name; weapon_aim target @0x2341b */
src/types.h	2945	NAME/LAYOUT LEAD	real control_current_fire_target_range;            /* +0x638  PAL 2342 name; prop->distance copy @0x2326d */
src/types.h	2954	NAME/LAYOUT LEAD	real_vector3d control_current_fire_target_aim_vector; /* +0x63c  PAL 2342 name; weapon_aim out @0x23416 */
src/types.h	2958	NAME/LAYOUT LEAD	real control_current_fire_target_distance;         /* +0x648  PAL 2342 name; weapon_aim out @0x23401 */
src/types.h	2966	NAME/LAYOUT LEAD	real_point3d control_burst_initial_position;      /* +0x64c  PAL 2342 name; copied to +0x658 @0x23973 */
src/types.h	2968	NAME/LAYOUT LEAD	real_point3d control_burst_origin;                /* +0x658  PAL 2342 name; LEA EDI,[EBX+0x658] @0x2397d */
src/types.h	2977	NAME/LAYOUT LEAD	real_vector3d control_burst_relative_position;    /* +0x664  PAL 2342 name; FSTP dword x3 @0x23b9c-0x23bc0 */
src/types.h	2985	NAME/LAYOUT LEAD	real_vector3d control_burst_adjustment;           /* +0x670  PAL 2342 name; FLD x3 @0x23b8a-0x23bb4 */
src/types.h	2993	NAME/LAYOUT LEAD	real_point3d control_burst_target;                /* +0x67c  PAL 2342 name; LEA ESI,[EBX+0x67c] @0x23b90 */
src/types.h	2995	NAME/LAYOUT LEAD	boolean control_burst_aim_by_vector;              /* +0x688  actor->control.burst_aim_by_vector (PAL 2342); store @0x2392b/0x23dc9 */
src/types.h	3169	NAME/LAYOUT LEAD	/* Historical PAL names are recorded in the provenance ledger. Widths
src/types.h	3312	NAME/LAYOUT LEAD	/// (0x188010) and render_contrails (0x1887b0); names from PAL 2342
src/types.h	3395	NAME/LAYOUT LEAD	* +0x30 bsp2d nodes (0x14). Names follow the CEA test_pill_data sweep (T2).
src/types.h	3444	NAME/LAYOUT LEAD	int16_t material_index;           ///< offset=0x0a (word copy into the pill result +0x1a; CEA name, T2)
src/types.h	3787	NAME/LAYOUT LEAD	/// PAL 2342 struct game_globals_rasterizer_data (T2); every named field is a
src/types.h	4124	NAME/LAYOUT LEAD	* names come from the PAL 2342 reference (transport.h), T2. Our binary
src/types.h	4163	NAME/LAYOUT LEAD	/* transport_endpoint.flags bit numbers. Order from the PAL 2342 reference
src/types.h	4347	NAME/LAYOUT LEAD	/// evidence: PAL reference source/objects/objects.h struct object_marker {short node_index; real_matrix4x3 node_matrix; real_matrix4x3 matrix;} (names only)
src/types.h	4363	NAME/LAYOUT LEAD	/// Field names come from the PAL 2342 reference (T2) unless an evidence line cites a 2276 string; every offset and width is from 2276 disassembly.
src/types.h	4364	NAME/LAYOUT LEAD	/// color is PAL real_argb_color: alpha +0x0c, red +0x10, green +0x14, blue +0x18 (glow_normal_particle_update_color stores alpha=1.0 via MOV [EDI+0xc] and rgb via FSTP [EDI+0x10..0x18]).
src/types.h	4369	NAME/LAYOUT LEAD	/// evidence: PAL reference /mnt/g/dev/halo-pal-2342 source/objects/widgets/glow.c struct glow_particle (names only; layout re-proven here)
src/types.h	4372	NAME/LAYOUT LEAD	int16_t parent_marker_index; ///< offset=0x02  MOV word [EDI+0x2],AX @0x133a2b stores PIN(marker_index,...); MOVSX EAX,word [EDI+0x2] @0x133c5e; name: PAL-2342 (T2)
src/types.h	4373	NAME/LAYOUT LEAD	int32_t index;               ///< offset=0x04  datum index passed to datum_delete(glow particle pool) in glow_delete; name: PAL-2342 (T2)
src/types.h	4374	NAME/LAYOUT LEAD	float initial_angle;         ///< offset=0x08  FADD [EDI+0x8] @0x134005 (angle = rate*t + initial_angle); name: PAL-2342 (T2)
src/types.h	4375	NAME/LAYOUT LEAD	float color_alpha;           ///< offset=0x0C  MOV dword [EDI+0xc],1.0f @0x133391; name: PAL-2342 (T2)
src/types.h	4376	NAME/LAYOUT LEAD	float color_red;             ///< offset=0x10  FSTP [EDI+0x10] @0x133363; name: PAL-2342 (T2)
src/types.h	4377	NAME/LAYOUT LEAD	float color_green;           ///< offset=0x14  FSTP [EDI+0x14] @0x13337a; name: PAL-2342 (T2)
src/types.h	4378	NAME/LAYOUT LEAD	float color_blue;            ///< offset=0x18  FSTP [EDI+0x18] @0x133394; name: PAL-2342 (T2)
src/types.h	4379	NAME/LAYOUT LEAD	float distance_to_object;    ///< offset=0x1C  FMUL [EDI+0x1c] @0x13401f (orbit radius); name: PAL-2342 (T2)
src/types.h	4380	NAME/LAYOUT LEAD	float initial_size;          ///< offset=0x20  FMUL [ESI+0x20] @0x1331c1; name: PAL-2342 (T2)
src/types.h	4381	NAME/LAYOUT LEAD	float present_size;          ///< offset=0x24  FSTP [ESI+0x24] @0x1331c4; name: PAL-2342 (T2)
src/types.h	4382	NAME/LAYOUT LEAD	"float t;                     ///< offset=0x28  FCOMP [EDI+0x28] @0x1339c7 against marker times; spline parameter (assert ""t>= t0 && t <= t3"" @0x29aae4); name: PAL-2342 (T2)"
src/types.h	4383	NAME/LAYOUT LEAD	float position[3];           ///< offset=0x2C  FADD/FSTP [ESI+0x2c/0x30/0x34] @0x13327d-0x133298; spline output pointer LEA ESI,[EDI+0x2c] @0x133f8d; name: PAL-2342 (T2)
src/types.h	4384	NAME/LAYOUT LEAD	float initial_velocity[3];   ///< offset=0x38  FMUL [ESI+0x38/0x3c/0x40] @0x133226-0x133234; name: PAL-2342 (T2)
src/types.h	4385	NAME/LAYOUT LEAD	float present_velocity[3];   ///< offset=0x44  FSTP [ESI+0x44/0x48/0x4c] @0x133229-0x133237; FMUL [ESI+0x44] @0x133277; name: PAL-2342 (T2)
src/types.h	4386	NAME/LAYOUT LEAD	int16_t ticks_in_existence;  ///< offset=0x50  MOVSX EDX,word [ESI+0x50] @0x133110; name: PAL-2342 (T2)
src/types.h	4387	NAME/LAYOUT LEAD	int16_t lifetime;            ///< offset=0x52  MOVSX EAX,word [ESI+0x52] @0x133114; name: PAL-2342 (T2)
src/types.h	4388	NAME/LAYOUT LEAD	uint32_t flags;              ///< offset=0x54  bit tests (&2 trailing, &1 reverse) in glow_update / glow_normal_particle_update_position, dword OR-store of bit 0; name: PAL-2342 (T2)
src/types.h	4389	NAME/LAYOUT LEAD	float fade;                  ///< offset=0x58  FST [ESI+0x58] @0x133130; FSTP [EDI+0x58] @0x133428; name: PAL-2342 (T2)
src/types.h	4390	NAME/LAYOUT LEAD	struct glow_particle *next;  ///< offset=0x5C  next-link read before datum_delete in glow_delete @0x1330c1; list walk in glow_render; name: PAL-2342 (T2)
src/types.h	4391	NAME/LAYOUT LEAD	struct glow_particle *previous; ///< offset=0x60  previous-link read when unlinking an expired trailing particle in glow_update; name: PAL-2342 (T2)
src/types.h	4419	NAME/LAYOUT LEAD	/// marker count 5 = (0x224 - 0x08) / 0x6c; PAL MAXIMUM_GLOW_MARKERS = 5.
src/types.h	4425	NAME/LAYOUT LEAD	/// evidence: PAL reference source/objects/widgets/glow.c struct glow_datum (names only; layout re-proven here)
src/types.h	4433	NAME/LAYOUT LEAD	int32_t definition_index;                               ///< offset=0x224  tag_get('glw!', [EAX+0x224]) @0x1330f4; name: PAL-2342 (T2)
src/types.h	4435	NAME/LAYOUT LEAD	int16_t marker_order[5];                                ///< offset=0x22A  MOVSX EAX,word [ECX] with ECX = widget+first*2+0x22a @0x133b2d/0x133b66; name: PAL-2342 (T2)
src/types.h	4436	NAME/LAYOUT LEAD	float total_time;                                       ///< offset=0x234  FDIV [EBX+0x234] @0x133406; name: PAL-2342 (T2)
src/types.h	4437	NAME/LAYOUT LEAD	float marker_time_index[5];                             ///< offset=0x238  FLD [ESI+ECX*4+0x238] @0x1339c0; name: PAL-2342 (T2)
src/types.h	4438	NAME/LAYOUT LEAD	uint16_t number_of_particles;                           ///< offset=0x24C  zero-extended word load (XOR ECX,ECX; MOV CX,[..+0x24c]) @0x133554 in glow_render; name: PAL-2342 (T2)
src/types.h	4440	NAME/LAYOUT LEAD	glow_particle *head_particle;                           ///< offset=0x250  list head read in glow_delete/glow_render (widget+0x250); name: PAL-2342 (T2)
src/types.h	4441	NAME/LAYOUT LEAD	glow_particle *tail_particle;                           ///< offset=0x254  list tail: MOV [EBX+0x254],EAX @0x1349d0 when removing the last particle in glow_update (also @0x1332dc in the uncalled glow_trailing_particle_age copy); read @0x134a5c/0x134a70 to append; name: PAL-2342 (T2)
src/types.h	4442	NAME/LAYOUT LEAD	int16_t accumulated_trailing_particle_generation_ticks; ///< offset=0x258  word add of game_time_get() into widget+0x258 in glow_update; name: PAL-2342 (T2)
src/types.h	4465	NAME/LAYOUT LEAD	/// color bounds are PAL real_argb_color (alpha first); the alpha slots +0xb4/+0xc4 are not observed accessed and stay padding.
src/types.h	4469	NAME/LAYOUT LEAD	/// evidence: PAL reference source/objects/widgets/glow.c struct glow_definition (names only; size 0x154 there, unproven here)
src/types.h	4472	NAME/LAYOUT LEAD	uint32_t flags;                  ///< offset=0x28  TEST byte [EAX+0x28],0x8/0x10/0x20 @0x13310b/0x13318b/0x1331ee, TEST byte [ESI+0x28],0x1 @0x1333a0; name: PAL-2342 (T2)
src/types.h	4474	NAME/LAYOUT LEAD	uint16_t color_attachment_index; ///< offset=0xB0  XOR EAX,EAX; MOV AX,[ESI+0xb0]; CMP AX,0xffff @0x133318-0x133324 (zero-extended); name: PAL-2342 (T2)
src/types.h	4476	NAME/LAYOUT LEAD	float color_lower_bound_rgb[3];  ///< offset=0xB8  FSUB/FADD [ESI+0xb8/0xbc/0xc0] @0x133355-0x13338b; name: PAL-2342 (T2) (color_lower_bound.red..blue)
src/types.h	4478	NAME/LAYOUT LEAD	float color_upper_bound_rgb[3];  ///< offset=0xC8  FLD [ESI+0xc8/0xcc/0xd0] @0x13334a-0x13337d; name: PAL-2342 (T2) (color_upper_bound.red..blue)
src/types.h	4480	NAME/LAYOUT LEAD	float color_rate_of_change;      ///< offset=0xF4  FMUL [ESI+0xf4] @0x1333b2; name: PAL-2342 (T2)
src/types.h	4481	NAME/LAYOUT LEAD	float percentage_edge_fade;      ///< offset=0xF8  FLD [ESI+0xf8]; FMUL 0.5 @0x13340c; name: PAL-2342 (T2)
src/types.h	4496	NAME/LAYOUT LEAD	/* glow_definition.flags (+0x28) bits.  Names: PAL-2342 glow.c
src/types.h	4498	NAME/LAYOUT LEAD	* it with the behavior PAL gives it. */
src/types.h	4508	NAME/LAYOUT LEAD	/* glow_particle.flags (+0x54) bits.  Names: PAL-2342 glow.c
src/types.h	4602	NAME/LAYOUT LEAD	* Layouts and names: PAL-2342 libs/binkxbox/{bink.h,binkio.h,radcb.h} (T2),
src/types.h	4931	NAME/LAYOUT LEAD	* names from the PAL 2342 reference source (physics_variables.h). */
src/types.h	4941	NAME/LAYOUT LEAD	/* 'phys' tag definition, size 0x80 (PAL 2342 physics_definitions.h).  Only
src/types.h	4993	NAME/LAYOUT LEAD	* Names from the PAL 2342 reference (physics_definitions.h). */
src/types.h	5029	NAME/LAYOUT LEAD	/* 'pphy' point-physics tag definition, size 0x40 (PAL 2342
src/types.h	5052	NAME/LAYOUT LEAD	* size 0x50 (PAL 2342 collisions.h; point_physics_update frame places it at
src/types.h	5060	NAME/LAYOUT LEAD	int32_t cluster_index;           ///< offset=0x04 (short + pad in PAL; copied as a dword)
src/types.h	5081	NAME/LAYOUT LEAD	/* Per-mass-point friction split (PAL 2342 friction_datum.h), size 0x24:
src/types.h	5093	NAME/LAYOUT LEAD	/* Per-object powered mass point state (PAL 2342 powered_mass_point_datum.h),
src/types.h	5114	NAME/LAYOUT LEAD	/* 'phys' powered-mass-point block element (PAL 2342 physics.c, static
src/types.h	5136	NAME/LAYOUT LEAD	/* Per-object mass point state (PAL 2342 mass_point_datum.h), size 0x130:
src/types.h	5179	NAME/LAYOUT LEAD	/* Game-globals material block element (PAL 2342
src/types.h	5196	NAME/LAYOUT LEAD	/* damage_data (PAL 2342 damage.h), size 0x54: the stack block filled by
src/types.h	5200	NAME/LAYOUT LEAD	* (0x151d56-0x151dbc, 0x151e48-0x151ea0).  Names from PAL; the rest is
src/types.h	5353	NAME/LAYOUT LEAD	* Field names are T2 from PAL 2342; recovery/evidence/camera_*.json records
src/types.h	5592	NAME/LAYOUT LEAD	* UI widget runtime instance (interface/ui_widget.c). size=0x58 (PAL 2342
src/types.h	5595	NAME/LAYOUT LEAD	* and event_handler_dispatch (0xe6ed0); names are PAL 2342 (T2). pad_ bytes
src/types.h	5597	NAME/LAYOUT LEAD	* PAL `parameters.list` union arm (text boxes overlay 0x3c..0x43).
src/types.h	5619	NAME/LAYOUT LEAD	wchar_t *list_item_text;              ///< offset=0x4c read @0xe66dd (PAL item_text)
src/types.h	5643	NAME/LAYOUT LEAD	/* ui_widget_definition ('DeLa' tag data). size=0x3ec per PAL 2342; only the
src/types.h	5700	NAME/LAYOUT LEAD	* replace_function word read at +0x20 @0xe6692). Names PAL 2342 (T2). */
src/types.h	5750	NAME/LAYOUT LEAD	* at EBP-0x10/-0xc/-0x8/-0x6). Names PAL 2342 (T2). */
src/xdk_common.h	57	NAME/LAYOUT LEAD	* The member SPELLINGS are borrowed from halocea's player_powerup.h
src/xdk_common.h	58	NAME/LAYOUT LEAD	* (name_source: halocea, T2 — DB-verified there via types_enum_values
