line	nearest_preceding_type_context	historical_claim	status
86	file scope / preceding claim	/// size=0x8. PAL 2342 real_point2d. x at +0x00 / y at +0x04 from	HIST; target citations in comments are leads; fresh per-name review pending
435	scripted_camera_globals	int16_t owner_team_index; ///< offset=0x68  object.owner_team_index (PAL 2342 props.c prop_add; read @0x642a9)	HIST; target citations in comments are leads; fresh per-name review pending
442	scripted_camera_globals	int32_t owner_player_index; ///< offset=0x70  object.owner_player_index (PAL 2342 props.c prop_add; CMP -1 @0x64343)	HIST; target citations in comments are leads; fresh per-name review pending
467	scripted_camera_globals	uint8_t damage_flags;     ///< offset=0xB6  object.damage_flags; bit 2 = _object_dead_bit (PAL 2342; SHR 2/AND 1 @0x642fc)	HIST; target citations in comments are leads; fresh per-name review pending
503	scripted_camera_globals	* strings in units.c, so halocea's consumer-facing `_powerup_type_*` renames	HIST; target citations in comments are leads; fresh per-name review pending
511	scripted_camera_globals	* Values 1-5 are T2 (name_source: halocea, DB-verified there via	HIST; target citations in comments are leads; fresh per-name review pending
521	scripted_camera_globals	* does not prove 7 is the count.  halocea states NUMBER_OF_POWERUP_TYPES = 7;	HIST; target citations in comments are leads; fresh per-name review pending
548	scripted_camera_globals	* the packet of the unit's current speech item).  Field names are T2 (PAL	HIST; target citations in comments are leads; fresh per-name review pending
696	scripted_camera_globals	* current item).  Names T2 (PAL 2342 units.h); offsets confirmed by the	HIST; target citations in comments are leads; fresh per-name review pending
1331	scripted_camera_globals	/// Per-object record of the object render and shadow passes. Names: PAL 2342	HIST; target citations in comments are leads; fresh per-name review pending
1376	object_render_data	/// size=0x10. PAL real_argb_color: alpha first.	HIST; target citations in comments are leads; fresh per-name review pending
1398	object_render_data	/// PAL 2342 rasterizer_debug_options.h (T2), whose offsets match every field	HIST; target citations in comments are leads; fresh per-name review pending
1423	object_render_data	/// global_window_parameters (0x5a5bc0), PAL 2342 struct	HIST; target citations in comments are leads; fresh per-name review pending
1440	object_render_data	/// follow PAL 2342 (T2); 2276 confirms the order: each case of	HIST; target citations in comments are leads; fresh per-name review pending
1462	object_render_data	/// global_frame_parameters (0x5a5e18), PAL 2342 struct	HIST; target citations in comments are leads; fresh per-name review pending
1470	object_render_data	/// rasterizer_frame_statistics (0x5a5400), PAL 2342 struct	HIST; target citations in comments are leads; fresh per-name review pending
1497	object_render_data	/// global_pixel_shader (0x5a5ac0), PAL 2342 struct pixel_shader_definition:	HIST; target citations in comments are leads; fresh per-name review pending
1522	object_render_data	/// rasterizer_environment_shadows_globals (0x47e46c), PAL 2342	HIST; target citations in comments are leads; fresh per-name review pending
1554	environment_shadows_globals	/// [ECX+8], stride ADD ECX,0x14. Names from PAL 2342 dynamic_screen_vertex.	HIST; target citations in comments are leads; fresh per-name review pending
1567	environment_shadows_globals	/// observed in draw_bitmap_in_rect (params base EBP-0xec); names follow PAL	HIST; target citations in comments are leads; fresh per-name review pending
2128	path_destination_t	* Historical field names and grouping came from PAL 2342 source/ai/props.h	HIST; target citations in comments are leads; fresh per-name review pending
2139	path_destination_t	*   +0x110. Fields not listed here were historically PAL-placed; their widths	HIST; target citations in comments are leads; fresh per-name review pending
2143	path_destination_t	/* prop_t.state values — PAL 2342 source/ai/props.h (T2).  2276 evidence:	HIST; target citations in comments are leads; fresh per-name review pending
2337	prop_t	int16_t meta_type;                                 /* +0x004  actor->meta.type (PAL 2342 actors.h actor_meta_data; read by prop_add @0x6439b) */	HIST; target citations in comments are leads; fresh per-name review pending
2370	prop_t	int16_t meta_team_index;                           /* +0x03e  actor->meta.team_index (PAL 2342; game_team_is_* arg in prop_add @0x642b7) */	HIST; target citations in comments are leads; fresh per-name review pending
2382	prop_t	int32_t meta_first_prop_index;                     /* +0x050  actor->meta.first_prop_index: prop chain head (PAL 2342; written by prop_add @0x643b8) */	HIST; target citations in comments are leads; fresh per-name review pending
2475	prop_t	real_point3d head_position;                      /* +0x120  actor->input.position.head_position (PAL 2342); weapon_aim origin @0x23422 */	HIST; target citations in comments are leads; fresh per-name review pending
2495	prop_t	boolean input_in_midair;                           /* +0x15c  actor->input.in_midair (PAL 2342); _firing_not_in_midair test @0x234ad */	HIST; target citations in comments are leads; fresh per-name review pending
2499	prop_t	boolean input_underwater;                          /* +0x15d  actor->input.underwater (PAL 2342); _firing_underwater test @0x2354a */	HIST; target citations in comments are leads; fresh per-name review pending
2750	prop_t	real_point3d orders_combat_target_point;          /* +0x460  actor->orders.combat.target_point (PAL 2342); copied to +0x610 @0x22fb0 */	HIST; target citations in comments are leads; fresh per-name review pending
2784	prop_t	boolean control_moving;                            /* +0x504  actor->control.moving (PAL 2342); _firing_not_stationary test @0x23526 */	HIST; target citations in comments are leads; fresh per-name review pending
2789	prop_t	boolean control_crouching;                         /* +0x508  actor->control.crouching (PAL 2342); _firing_not_crouching test @0x234e3 */	HIST; target citations in comments are leads; fresh per-name review pending
2809	prop_t	int16_t secondary_look_priority;                   /* +0x546  NTSC writes priority and consumes secondary mode priority as int16_t; name_source: halocea */	HIST; target citations in comments are leads; fresh per-name review pending
2810	prop_t	int16_t secondary_look_timer;                      /* +0x548  NTSC writes tick_count, decrements while positive, and expires at zero as int16_t; name_source: halocea */	HIST; target citations in comments are leads; fresh per-name review pending
2866	prop_t	int16_t control_fire_state_timer;                  /* +0x5f4  actor->control.fire_state_timer (PAL 2342); decremented @0x22e7f */	HIST; target citations in comments are leads; fresh per-name review pending
2870	prop_t	int16_t control_burst_disable_timer;               /* +0x5f6  actor->control.burst_disable_timer (PAL 2342); _firing_disabled test @0x23471 */	HIST; target citations in comments are leads; fresh per-name review pending
2874	prop_t	int16_t control_trigger_delay_timer;               /* +0x5f8  actor->control.trigger_delay_timer (PAL 2342); set from 30/rof @0x23f63 */	HIST; target citations in comments are leads; fresh per-name review pending
2878	prop_t	int16_t control_blocked_communication_timer;       /* +0x5fa  actor->control.blocked_communication_timer (PAL 2342); compared to 0x2d @0x23e3b */	HIST; target citations in comments are leads; fresh per-name review pending
2886	prop_t	int16_t control_special_fire_delay;           /* +0x5fc  actor->control.special_fire_delay (PAL 2342); word store @0x23199 */	HIST; target citations in comments are leads; fresh per-name review pending
2887	prop_t	int16_t control_special_fire_deny_attempts;   /* +0x5fe  actor->control.special_fire_deny_attempts (PAL 2342); word store @0x231dc */	HIST; target citations in comments are leads; fresh per-name review pending
2894	prop_t	boolean control_overcharging_weapon;               /* +0x602  actor->control.overcharging_weapon (PAL 2342); set @0x23231 */	HIST; target citations in comments are leads; fresh per-name review pending
2898	prop_t	boolean control_fire_burst_secondary;              /* +0x603  actor->control.fire_burst_secondary (PAL 2342); weapon_aim trigger arg @0x23d2a */	HIST; target citations in comments are leads; fresh per-name review pending
2902	prop_t	boolean control_next_burst_secondary;              /* +0x604  actor->control.next_burst_secondary (PAL 2342); set @0x231f0 */	HIST; target citations in comments are leads; fresh per-name review pending
2907	prop_t	real control_weapon_maximum_range;                 /* +0x608  actor->control.weapon_maximum_range (PAL 2342); stored @0x22ff4 */	HIST; target citations in comments are leads; fresh per-name review pending
2917	prop_t	real_point3d control_current_fire_target_manual_point; /* +0x610  actor->control.current_fire_target_manual_point (PAL 2342); 3-dword copy @0x22fb0 */	HIST; target citations in comments are leads; fresh per-name review pending
2921	prop_t	int32_t control_current_fire_target_timer;         /* +0x61c  actor->control.current_fire_target_timer (PAL 2342); INC @0x22ed5, % 10 @0x23353 */	HIST; target citations in comments are leads; fresh per-name review pending
2923	prop_t	boolean control_current_fire_target_visible;       /* +0x620  actor->control.current_fire_target_visible (PAL 2342); store @0x235ee */	HIST; target citations in comments are leads; fresh per-name review pending
2924	prop_t	boolean control_current_fire_target_underwater;    /* +0x621  PAL 2342 name; store @0x232a5 */	HIST; target citations in comments are leads; fresh per-name review pending
2925	prop_t	boolean control_current_fire_target_superballistic; /* +0x622  PAL 2342 name; weapon_aim arg 5 @0x2341a */	HIST; target citations in comments are leads; fresh per-name review pending
2926	prop_t	boolean control_current_fire_target_bombardment;   /* +0x623  PAL 2342 name; store @0x2340a */	HIST; target citations in comments are leads; fresh per-name review pending
2927	prop_t	boolean control_current_fire_target_outside_active_area; /* +0x624  PAL 2342 name; pvs bit test @0x232e3 */	HIST; target citations in comments are leads; fresh per-name review pending
2929	prop_t	int16_t control_current_fire_target_line_of_sight; /* +0x626  PAL 2342 name; word store @0x23291, ai_test_line_of_sight result @0x23391 */	HIST; target citations in comments are leads; fresh per-name review pending
2932	prop_t	boolean control_aiming_at_fire_target;             /* +0x628  actor->control.aiming_at_fire_target (PAL 2342); store @0x22fcd/0x23633 */	HIST; target citations in comments are leads; fresh per-name review pending
2941	prop_t	real_point3d control_current_fire_target_position; /* +0x62c  PAL 2342 name; weapon_aim target @0x2341b */	HIST; target citations in comments are leads; fresh per-name review pending
2945	prop_t	real control_current_fire_target_range;            /* +0x638  PAL 2342 name; prop->distance copy @0x2326d */	HIST; target citations in comments are leads; fresh per-name review pending
2954	prop_t	real_vector3d control_current_fire_target_aim_vector; /* +0x63c  PAL 2342 name; weapon_aim out @0x23416 */	HIST; target citations in comments are leads; fresh per-name review pending
2958	prop_t	real control_current_fire_target_distance;         /* +0x648  PAL 2342 name; weapon_aim out @0x23401 */	HIST; target citations in comments are leads; fresh per-name review pending
2966	prop_t	real_point3d control_burst_initial_position;      /* +0x64c  PAL 2342 name; copied to +0x658 @0x23973 */	HIST; target citations in comments are leads; fresh per-name review pending
2968	prop_t	real_point3d control_burst_origin;                /* +0x658  PAL 2342 name; LEA EDI,[EBX+0x658] @0x2397d */	HIST; target citations in comments are leads; fresh per-name review pending
2977	prop_t	real_vector3d control_burst_relative_position;    /* +0x664  PAL 2342 name; FSTP dword x3 @0x23b9c-0x23bc0 */	HIST; target citations in comments are leads; fresh per-name review pending
2985	prop_t	real_vector3d control_burst_adjustment;           /* +0x670  PAL 2342 name; FLD x3 @0x23b8a-0x23bb4 */	HIST; target citations in comments are leads; fresh per-name review pending
2993	prop_t	real_point3d control_burst_target;                /* +0x67c  PAL 2342 name; LEA ESI,[EBX+0x67c] @0x23b90 */	HIST; target citations in comments are leads; fresh per-name review pending
2995	prop_t	boolean control_burst_aim_by_vector;              /* +0x688  actor->control.burst_aim_by_vector (PAL 2342); store @0x2392b/0x23dc9 */	HIST; target citations in comments are leads; fresh per-name review pending
3169	actor_debug_info_t	/* Historical PAL names are recorded in the provenance ledger. Widths	HIST; target citations in comments are leads; fresh per-name review pending
3312	biped_datum_t	/// (0x188010) and render_contrails (0x1887b0); names from PAL 2342	HIST; target citations in comments are leads; fresh per-name review pending
3395	biped_datum_t	* +0x30 bsp2d nodes (0x14). Names follow the CEA test_pill_data sweep (T2).	HIST; target citations in comments are leads; fresh per-name review pending
3444	collision_surface_t	int16_t material_index;           ///< offset=0x0a (word copy into the pill result +0x1a; CEA name, T2)	HIST; target citations in comments are leads; fresh per-name review pending
3787	vehicle_definition_t	/// PAL 2342 struct game_globals_rasterizer_data (T2); every named field is a	HIST; target citations in comments are leads; fresh per-name review pending
4124	transport_address	* names come from the PAL 2342 reference (transport.h), T2. Our binary	HIST; target citations in comments are leads; fresh per-name review pending
4163	transport_endpoint	/* transport_endpoint.flags bit numbers. Order from the PAL 2342 reference	HIST; target citations in comments are leads; fresh per-name review pending
4347	triangle_buffer	/// evidence: PAL reference source/objects/objects.h struct object_marker {short node_index; real_matrix4x3 node_matrix; real_matrix4x3 matrix;} (names only)	HIST; target citations in comments are leads; fresh per-name review pending
4363	object_marker	/// Field names come from the PAL 2342 reference (T2) unless an evidence line cites a 2276 string; every offset and width is from 2276 disassembly.	HIST; target citations in comments are leads; fresh per-name review pending
4364	object_marker	/// color is PAL real_argb_color: alpha +0x0c, red +0x10, green +0x14, blue +0x18 (glow_normal_particle_update_color stores alpha=1.0 via MOV [EDI+0xc] and rgb via FSTP [EDI+0x10..0x18]).	HIST; target citations in comments are leads; fresh per-name review pending
4369	object_marker	/// evidence: PAL reference /mnt/g/dev/halo-pal-2342 source/objects/widgets/glow.c struct glow_particle (names only; layout re-proven here)	HIST; target citations in comments are leads; fresh per-name review pending
4372	glow_particle	int16_t parent_marker_index; ///< offset=0x02  MOV word [EDI+0x2],AX @0x133a2b stores PIN(marker_index,...); MOVSX EAX,word [EDI+0x2] @0x133c5e; name: PAL-2342 (T2)	HIST; target citations in comments are leads; fresh per-name review pending
4373	glow_particle	int32_t index;               ///< offset=0x04  datum index passed to datum_delete(glow particle pool) in glow_delete; name: PAL-2342 (T2)	HIST; target citations in comments are leads; fresh per-name review pending
4374	glow_particle	float initial_angle;         ///< offset=0x08  FADD [EDI+0x8] @0x134005 (angle = rate*t + initial_angle); name: PAL-2342 (T2)	HIST; target citations in comments are leads; fresh per-name review pending
4375	glow_particle	float color_alpha;           ///< offset=0x0C  MOV dword [EDI+0xc],1.0f @0x133391; name: PAL-2342 (T2)	HIST; target citations in comments are leads; fresh per-name review pending
4376	glow_particle	float color_red;             ///< offset=0x10  FSTP [EDI+0x10] @0x133363; name: PAL-2342 (T2)	HIST; target citations in comments are leads; fresh per-name review pending
4377	glow_particle	float color_green;           ///< offset=0x14  FSTP [EDI+0x14] @0x13337a; name: PAL-2342 (T2)	HIST; target citations in comments are leads; fresh per-name review pending
4378	glow_particle	float color_blue;            ///< offset=0x18  FSTP [EDI+0x18] @0x133394; name: PAL-2342 (T2)	HIST; target citations in comments are leads; fresh per-name review pending
4379	glow_particle	float distance_to_object;    ///< offset=0x1C  FMUL [EDI+0x1c] @0x13401f (orbit radius); name: PAL-2342 (T2)	HIST; target citations in comments are leads; fresh per-name review pending
4380	glow_particle	float initial_size;          ///< offset=0x20  FMUL [ESI+0x20] @0x1331c1; name: PAL-2342 (T2)	HIST; target citations in comments are leads; fresh per-name review pending
4381	glow_particle	float present_size;          ///< offset=0x24  FSTP [ESI+0x24] @0x1331c4; name: PAL-2342 (T2)	HIST; target citations in comments are leads; fresh per-name review pending
4382	glow_particle	"float t;                     ///< offset=0x28  FCOMP [EDI+0x28] @0x1339c7 against marker times; spline parameter (assert ""t>= t0 && t <= t3"" @0x29aae4); name: PAL-2342 (T2)"	HIST; target citations in comments are leads; fresh per-name review pending
4383	glow_particle	float position[3];           ///< offset=0x2C  FADD/FSTP [ESI+0x2c/0x30/0x34] @0x13327d-0x133298; spline output pointer LEA ESI,[EDI+0x2c] @0x133f8d; name: PAL-2342 (T2)	HIST; target citations in comments are leads; fresh per-name review pending
4384	glow_particle	float initial_velocity[3];   ///< offset=0x38  FMUL [ESI+0x38/0x3c/0x40] @0x133226-0x133234; name: PAL-2342 (T2)	HIST; target citations in comments are leads; fresh per-name review pending
4385	glow_particle	float present_velocity[3];   ///< offset=0x44  FSTP [ESI+0x44/0x48/0x4c] @0x133229-0x133237; FMUL [ESI+0x44] @0x133277; name: PAL-2342 (T2)	HIST; target citations in comments are leads; fresh per-name review pending
4386	glow_particle	int16_t ticks_in_existence;  ///< offset=0x50  MOVSX EDX,word [ESI+0x50] @0x133110; name: PAL-2342 (T2)	HIST; target citations in comments are leads; fresh per-name review pending
4387	glow_particle	int16_t lifetime;            ///< offset=0x52  MOVSX EAX,word [ESI+0x52] @0x133114; name: PAL-2342 (T2)	HIST; target citations in comments are leads; fresh per-name review pending
4388	glow_particle	uint32_t flags;              ///< offset=0x54  bit tests (&2 trailing, &1 reverse) in glow_update / glow_normal_particle_update_position, dword OR-store of bit 0; name: PAL-2342 (T2)	HIST; target citations in comments are leads; fresh per-name review pending
4389	glow_particle	float fade;                  ///< offset=0x58  FST [ESI+0x58] @0x133130; FSTP [EDI+0x58] @0x133428; name: PAL-2342 (T2)	HIST; target citations in comments are leads; fresh per-name review pending
4390	glow_particle	struct glow_particle *next;  ///< offset=0x5C  next-link read before datum_delete in glow_delete @0x1330c1; list walk in glow_render; name: PAL-2342 (T2)	HIST; target citations in comments are leads; fresh per-name review pending
4391	glow_particle	struct glow_particle *previous; ///< offset=0x60  previous-link read when unlinking an expired trailing particle in glow_update; name: PAL-2342 (T2)	HIST; target citations in comments are leads; fresh per-name review pending
4419	glow_particle	/// marker count 5 = (0x224 - 0x08) / 0x6c; PAL MAXIMUM_GLOW_MARKERS = 5.	HIST; target citations in comments are leads; fresh per-name review pending
4425	glow_particle	/// evidence: PAL reference source/objects/widgets/glow.c struct glow_datum (names only; layout re-proven here)	HIST; target citations in comments are leads; fresh per-name review pending
4433	glow_datum	int32_t definition_index;                               ///< offset=0x224  tag_get('glw!', [EAX+0x224]) @0x1330f4; name: PAL-2342 (T2)	HIST; target citations in comments are leads; fresh per-name review pending
4435	glow_datum	int16_t marker_order[5];                                ///< offset=0x22A  MOVSX EAX,word [ECX] with ECX = widget+first*2+0x22a @0x133b2d/0x133b66; name: PAL-2342 (T2)	HIST; target citations in comments are leads; fresh per-name review pending
4436	glow_datum	float total_time;                                       ///< offset=0x234  FDIV [EBX+0x234] @0x133406; name: PAL-2342 (T2)	HIST; target citations in comments are leads; fresh per-name review pending
4437	glow_datum	float marker_time_index[5];                             ///< offset=0x238  FLD [ESI+ECX*4+0x238] @0x1339c0; name: PAL-2342 (T2)	HIST; target citations in comments are leads; fresh per-name review pending
4438	glow_datum	uint16_t number_of_particles;                           ///< offset=0x24C  zero-extended word load (XOR ECX,ECX; MOV CX,[..+0x24c]) @0x133554 in glow_render; name: PAL-2342 (T2)	HIST; target citations in comments are leads; fresh per-name review pending
4440	glow_datum	glow_particle *head_particle;                           ///< offset=0x250  list head read in glow_delete/glow_render (widget+0x250); name: PAL-2342 (T2)	HIST; target citations in comments are leads; fresh per-name review pending
4441	glow_datum	glow_particle *tail_particle;                           ///< offset=0x254  list tail: MOV [EBX+0x254],EAX @0x1349d0 when removing the last particle in glow_update (also @0x1332dc in the uncalled glow_trailing_particle_age copy); read @0x134a5c/0x134a70 to append; name: PAL-2342 (T2)	HIST; target citations in comments are leads; fresh per-name review pending
4442	glow_datum	int16_t accumulated_trailing_particle_generation_ticks; ///< offset=0x258  word add of game_time_get() into widget+0x258 in glow_update; name: PAL-2342 (T2)	HIST; target citations in comments are leads; fresh per-name review pending
4465	glow_datum	/// color bounds are PAL real_argb_color (alpha first); the alpha slots +0xb4/+0xc4 are not observed accessed and stay padding.	HIST; target citations in comments are leads; fresh per-name review pending
4469	glow_datum	/// evidence: PAL reference source/objects/widgets/glow.c struct glow_definition (names only; size 0x154 there, unproven here)	HIST; target citations in comments are leads; fresh per-name review pending
4472	glow_definition	uint32_t flags;                  ///< offset=0x28  TEST byte [EAX+0x28],0x8/0x10/0x20 @0x13310b/0x13318b/0x1331ee, TEST byte [ESI+0x28],0x1 @0x1333a0; name: PAL-2342 (T2)	HIST; target citations in comments are leads; fresh per-name review pending
4474	glow_definition	uint16_t color_attachment_index; ///< offset=0xB0  XOR EAX,EAX; MOV AX,[ESI+0xb0]; CMP AX,0xffff @0x133318-0x133324 (zero-extended); name: PAL-2342 (T2)	HIST; target citations in comments are leads; fresh per-name review pending
4476	glow_definition	float color_lower_bound_rgb[3];  ///< offset=0xB8  FSUB/FADD [ESI+0xb8/0xbc/0xc0] @0x133355-0x13338b; name: PAL-2342 (T2) (color_lower_bound.red..blue)	HIST; target citations in comments are leads; fresh per-name review pending
4478	glow_definition	float color_upper_bound_rgb[3];  ///< offset=0xC8  FLD [ESI+0xc8/0xcc/0xd0] @0x13334a-0x13337d; name: PAL-2342 (T2) (color_upper_bound.red..blue)	HIST; target citations in comments are leads; fresh per-name review pending
4480	glow_definition	float color_rate_of_change;      ///< offset=0xF4  FMUL [ESI+0xf4] @0x1333b2; name: PAL-2342 (T2)	HIST; target citations in comments are leads; fresh per-name review pending
4481	glow_definition	float percentage_edge_fade;      ///< offset=0xF8  FLD [ESI+0xf8]; FMUL 0.5 @0x13340c; name: PAL-2342 (T2)	HIST; target citations in comments are leads; fresh per-name review pending
4496	glow_definition	/* glow_definition.flags (+0x28) bits.  Names: PAL-2342 glow.c	HIST; target citations in comments are leads; fresh per-name review pending
4498	glow_definition	* it with the behavior PAL gives it. */	HIST; target citations in comments are leads; fresh per-name review pending
4508	glow_definition	/* glow_particle.flags (+0x54) bits.  Names: PAL-2342 glow.c	HIST; target citations in comments are leads; fresh per-name review pending
4602	glow_definition	* Layouts and names: PAL-2342 libs/binkxbox/{bink.h,binkio.h,radcb.h} (T2),	HIST; target citations in comments are leads; fresh per-name review pending
4931	BINKREALTIME	* names from the PAL 2342 reference source (physics_variables.h). */	HIST; target citations in comments are leads; fresh per-name review pending
4941	BINKREALTIME	/* 'phys' tag definition, size 0x80 (PAL 2342 physics_definitions.h).  Only	HIST; target citations in comments are leads; fresh per-name review pending
4993	BINKREALTIME	* Names from the PAL 2342 reference (physics_definitions.h). */	HIST; target citations in comments are leads; fresh per-name review pending
5029	BINKREALTIME	/* 'pphy' point-physics tag definition, size 0x40 (PAL 2342	HIST; target citations in comments are leads; fresh per-name review pending
5052	BINKREALTIME	* size 0x50 (PAL 2342 collisions.h; point_physics_update frame places it at	HIST; target citations in comments are leads; fresh per-name review pending
5060	BINKREALTIME	int32_t cluster_index;           ///< offset=0x04 (short + pad in PAL; copied as a dword)	HIST; target citations in comments are leads; fresh per-name review pending
5081	BINKREALTIME	/* Per-mass-point friction split (PAL 2342 friction_datum.h), size 0x24:	HIST; target citations in comments are leads; fresh per-name review pending
5093	BINKREALTIME	/* Per-object powered mass point state (PAL 2342 powered_mass_point_datum.h),	HIST; target citations in comments are leads; fresh per-name review pending
5114	BINKREALTIME	/* 'phys' powered-mass-point block element (PAL 2342 physics.c, static	HIST; target citations in comments are leads; fresh per-name review pending
5136	BINKREALTIME	/* Per-object mass point state (PAL 2342 mass_point_datum.h), size 0x130:	HIST; target citations in comments are leads; fresh per-name review pending
5179	BINKREALTIME	/* Game-globals material block element (PAL 2342	HIST; target citations in comments are leads; fresh per-name review pending
5196	BINKREALTIME	/* damage_data (PAL 2342 damage.h), size 0x54: the stack block filled by	HIST; target citations in comments are leads; fresh per-name review pending
5200	BINKREALTIME	* (0x151d56-0x151dbc, 0x151e48-0x151ea0).  Names from PAL; the rest is	HIST; target citations in comments are leads; fresh per-name review pending
5353	BINKREALTIME	* Field names are T2 from PAL 2342; recovery/evidence/camera_*.json records	HIST; target citations in comments are leads; fresh per-name review pending
5592	BINKREALTIME	* UI widget runtime instance (interface/ui_widget.c). size=0x58 (PAL 2342	HIST; target citations in comments are leads; fresh per-name review pending
5595	BINKREALTIME	* and event_handler_dispatch (0xe6ed0); names are PAL 2342 (T2). pad_ bytes	HIST; target citations in comments are leads; fresh per-name review pending
5597	BINKREALTIME	* PAL `parameters.list` union arm (text boxes overlay 0x3c..0x43).	HIST; target citations in comments are leads; fresh per-name review pending
5619	widget_instance_t	wchar_t *list_item_text;              ///< offset=0x4c read @0xe66dd (PAL item_text)	HIST; target citations in comments are leads; fresh per-name review pending
5643	widget_instance_t	/* ui_widget_definition ('DeLa' tag data). size=0x3ec per PAL 2342; only the	HIST; target citations in comments are leads; fresh per-name review pending
5700	widget_instance_t	* replace_function word read at +0x20 @0xe6692). Names PAL 2342 (T2). */	HIST; target citations in comments are leads; fresh per-name review pending
5750	widget_instance_t	* at EBP-0x10/-0xc/-0x8/-0x6). Names PAL 2342 (T2). */	HIST; target citations in comments are leads; fresh per-name review pending
